"Timestamp","local_timestamp_ms","clock_skew_ms","sequence_id","is_warmup","open","high","low","close","volume","taker_buy_volume","taker_sell_volume","trade_count","buy_trade_count","sell_trade_count","best_bid","best_ask","spread","mid_price","microprice","weighted_mid_price","bid_depth_top5","bid_depth_top10","bid_depth_top20","ask_depth_top5","ask_depth_top10","ask_depth_top20","cumulative_bid_volume","cumulative_ask_volume","order_book_imbalance","volume_imbalance","depth_imbalance","slope_bid","slope_ask","slope_imbalance","liquidity_pressure","queue_imbalance","order_book_pressure_ratio","aggressive_buy_volume","aggressive_sell_volume","delta_volume","cumulative_delta","trade_intensity","avg_trade_size","max_trade_size","signed_trade_flow","trade_burst_metric","trade_arrival_rate","log_return","realized_volatility","parkinson_volatility","bipower_variance","momentum_10s","price_acceleration","price_impact","micro_trend","directional_pressure","effective_spread","quoted_spread","realized_spread","kyle_lambda","amihud_illiquidity","resiliency_metric","liquidity_vacuum","vpin","toxicity_score","adverse_selection_metric","funding_rate","mark_price","index_price","mark_index_spread","open_interest","oi_change_rate","long_short_ratio","predicted_funding_rate","volatility_regime","trend_regime","ranging_regime","entropy","hurst_exponent","second_of_minute","minute_of_hour","hour_of_day","day_of_week","session_marker","book_update_count","trade_msg_count","has_gap","recovery_source","row_checksum"
1779837247000,1779837248013,0,1,true,1.0038,1.0038,1.0038,1.0038,7381.5,0,7381.5,1,0,1,1.0037,1.0038,0.0001,1.00375,1.0037922,1.003828,55534.2,180239.7,452943.7,113058.8,232825.1,472405.1,452943.7,472405.1,-0.02103142,-1,-0.07782979,-4.118727e-9,3.9703076e-9,-8.089034e-9,0.48948428,-0.8439805,0.9588036,0,7381.5,-7381.5,-7381.5,0.032786883,7381.5,7381.5,-7381.5,30.5,1,0,0,0,0,0,0,0,0,0,0.0001,0.0001,-0.0003,0,0,0,false,7381.5,0,-0.0004,-0.00004702,1.0038,1.0042357,-0.00043574,119234310,0,1.8082,-0.00004702,1,1,false,0,0.5,7,14,23,1,3,3,1,false,0,2390399999
1779837248000,1779837249052,0,2,true,1.0037,1.0037,1.0035,1.0035,1026.6,0,1026.6,3,0,3,1.0035,1.0036,0.0001,1.00355,1.0035797,1.0036042,67468.7,191808.4,486090.7,103531.3,220292,455584.7,486090.7,455584.7,0.032395452,-1,-0.0050137765,-3.7936925e-9,4.0431924e-9,-7.836885e-9,0.51619774,-0.5957274,1.0669601,0,1026.6,-1026.6,-8408.1,0.13007256,342.2,635.6,-1026.6,23.064049,2.3696682,-0.000298909,0,0.00011968139,0,0,-0.000298909,2.91164e-7,0,-0.999995,0.0001,0.0001,0.0003,0,0,0,false,4204.05,0,0.0002,-0.00004702,1.0038,1.0042357,-0.00043574,119234310,0,1.8082,-0.00004702,1,1,false,0,0.5,8,14,23,1,3,9,3,false,0,966670273
1779837249000,1779837250096,0,3,true,1.00355,1.00355,1.00355,1.00355,0,0,0,0,0,0,1.0035,1.0036,0.0001,1.00355,1.0035232,1.0035605,80539.2,205093.3,499490,74435.2,192235.6,433559.7,499490,433559.7,0.07066108,0,0.10748547,-3.7711834e-9,4.101837e-9,-7.8730205e-9,0.53533053,0.5350172,1.1520674,0,0,0,-8408.1,0.12580788,0,0,0,0,0,0.000049824368,0,0,0,0,0.00034873336,49824.367,0,0,0,0.0001,-0.0002,0,0,0,false,4204.05,0,-0.0002,-0.00004702,1.0038,1.0042357,-0.00043574,119234310,0,1.8082,-0.00004702,1,1,false,0,0.5,9,14,23,1,3,9,0,false,0,1231801383
1779837250000,1779837250995,0,4,true,1.0036,1.0036,1.0036,1.0036,3092.4,3092.4,0,1,1,0,1.0036,1.0037,0.0001,1.00365,1.0036649,1.0037116,54499.4,191416.3,464607.3,84261,218541,450523,464607.3,450523,0.0153904855,1,-0.010521295,-3.921152e-9,4.041301e-9,-7.962453e-9,0.50769526,-0.29736915,1.0312622,3092.4,0,3092.4,-5315.7,0.15446992,3092.4,3092.4,3092.4,6.473752,1,0.000049821887,0,0,0,0,-2.4823443e-9,1.6111075e-8,0,0,0.0001,0.0001,-0.0001,0,0,0,false,3833.5,0,-0.0002,-0.00004702,1.0038,1.0042357,-0.00043574,119234310,0,1.8082,-0.00004702,1,1,false,0.9502707,0.5,10,14,23,1,3,8,1,false,0,1921937913
1779837251000,1779837251991,0,5,true,1.0037,1.0037,1.0037,1.0037,50,50,0,1,1,0,1.0036,1.0037,0.0001,1.00365,1.0036641,1.0037199,54543,189904.6,458148.6,87392.4,221419.9,453265.4,458148.6,453265.4,0.0053578285,1,-0.01735694,-3.9807406e-9,4.062389e-9,-8.04313e-9,0.50267893,-0.2824118,1.0107734,50,0,50,-5265.7,0.18219222,50,50,50,5.4887085,1,0.00009963633,0,0,0,0,0.00004981444,0.0000019927265,0,0,0.0001,0.0001,0.0001,0,0,0,false,2887.625,0,0,-0.00004702,1.0038,1.0042357,-0.00043574,119234310,0,1.8082,-0.00004702,1,1,false,0.86756337,0.5,11,14,23,1,3,9,1,false,0,1764064906
1779837252000,1779837253006,0,6,true,1.0036,1.0037,1.0036,1.0037,38.9,32.8,6.1,2,1,1,1.0036,1.0037,0.0001,1.00365,1.0036528,1.0037113,56303.8,189374.1,461269.3,83759.4,217581.8,452054.6,461269.3,452054.6,0.010089192,0.6863753,-0.004291077,-3.96761e-9,4.036157e-9,-8.0037665e-9,0.5050446,-0.055701725,1.0203841,32.8,6.1,26.7,-5239,0.24179247,19.45,32.8,26.7,8.271556,3.508772,0,0,0.000059837712,0,0,-0.00009963633,0,0,0.99999,0.0001,0.0001,0.0001,0,0,0,false,2315.44,0,0,-0.00004702,1.0038,1.0042357,-0.00043574,119198620,0,1.8082,-0.00004702,1,1,false,0.7356221,0.5,12,14,23,1,3,9,2,false,0,3874568276
1779837253000,1779837254085,0,7,true,1.00365,1.00365,1.00365,1.00365,0,0,0,0,0,0,1.0036,1.0037,0.0001,1.00365,1.0036564,1.0037096,56390.6,189531.8,455995.7,83904.2,217826.2,448386.8,455995.7,448386.8,0.008413365,0,-0.008933697,-4.0161034e-9,4.061256e-9,-8.07736e-9,0.50420666,-0.12713985,1.0169694,0,0,0,-5239,0.23386486,0,0,0,0,0,-0.00004981692,0,0,0,0,-0.00004981692,49816.92,0,0,0,0.0001,-0,0,0,0,false,2315.44,0,-0,-0.00004702,1.0038,1.0042357,-0.00043574,119198620,0,1.8082,-0.00004702,1,1,false,0.7356221,0.5,13,14,23,1,3,9,0,false,0,1713495490
1779837254000,1779837255057,0,8,true,1.00365,1.00365,1.00365,1.00365,0,0,0,0,0,0,1.0036,1.0037,0.0001,1.00365,1.0036548,1.0037042,56700.9,190030.4,461481.3,79718.7,213690.7,454180.7,461481.3,454180.7,0.007973029,0,-0.0041770297,-3.9646935e-9,4.022456e-9,-7.98715e-9,0.50398654,-0.097443685,1.0160742,0,0,0,-5239,0.22619715,0,0,0,0,0,0,0,0,0,0,0.00004981692,0,0,0,0,0.0001,nan,0,0,0,false,2315.44,0,nan,-0.00004702,1.0038,1.0042357,-0.00043574,119198620,0,1.8082,-0.00004702,1,1,false,0.7356221,0.5,14,14,23,1,3,9,0,false,0,1229293428
1779837255000,1779837256047,0,9,true,1.0037,1.0037,1.0036,1.0036,92.5,82.1,10.4,3,2,1,1.0036,1.0037,0.0001,1.00365,1.003654,1.0037072,58283.3,191108.8,462559.7,82371.7,216796.6,458523.4,462559.7,458523.4,0.0043821237,0.77513516,-0.005645282,-3.966144e-9,3.992293e-9,-7.958437e-9,0.50219107,-0.08022294,1.0088028,82.1,10.4,71.7,-5167.3,0.3171415,30.833334,49.3,71.7,9.459499,9.708737,-0.000049819406,0,0.000059837712,0,0,-0.000049819406,5.3858815e-7,0,-0.99999,0.0001,0.0001,-0.0001,4.8696197e-8,0,0,false,1941.4833,0,-0.0002,-0.00004702,1.0038,1.0042357,-0.00043574,119198620,0,1.8082,-0.00004702,1,1,false,0.6001662,0.5,15,14,23,1,3,7,3,false,0,3325796159
1779837256000,1779837257116,0,10,true,1.00365,1.00365,1.00365,1.00365,0,0,0,0,0,0,1.0036,1.0037,0.0001,1.00365,1.0036643,1.0037138,56777.8,191100.1,462521,86270.8,219598.2,461325,462521,461325,0.0012945881,0,-0.021780128,-3.964189e-9,4.0015333e-9,-7.965722e-9,0.5006473,-0.28531778,1.0025926,0,0,0,-5167.3,0.3067434,0,0,0,0,0,0.000049819406,0,0,0,0,0.00009963881,49819.406,0,0,0,0.0001,0,4.8696197e-8,0,0,false,1941.4833,0.15,0,-0.00004702,1.0038,1.0042357,-0.00043574,119198620,0,1.8082,-0.00004702,1,1,false,0.6001662,0.5,16,14,23,1,3,7,0,false,0,1663373616
1779837257000,1779837257991,0,11,true,1.0036,1.0036,1.0036,1.0036,8.7,0,8.7,1,0,1,1.0036,1.0037,0.0001,1.00365,1.0036966,1.0037527,44273.7,178439.6,449938.3,112135.1,243458.9,474117.7,449938.3,474117.7,-0.026166596,-1,-0.097409956,-3.9766364e-9,3.9868633e-9,-7.963499e-9,0.4869167,-0.93012303,0.94900125,0,8.7,-8.7,-5176,0.32947314,8.7,8.7,-8.7,3.0351486,1,-0.000049819406,0,0,0,-0.0002,-0.00009963881,0.0000057263683,0,0,0.0001,0.0001,0.0001,4.8017583e-8,0,0,false,1665.3715,0.09090909,0,-0.00004702,1.0038,1.0042357,-0.00043574,119198630,0,1.8082,-0.00004702,1,1,false,0.5660859,0.5,17,14,23,1,3,7,1,false,0,2786232681
1779837258000,1779837259150,0,12,true,1.0037,1.0037,1.0037,1.0037,5.6,5.6,0,1,1,0,1.0036,1.0037,0.0001,1.00365,1.0036672,1.0037218,50674.4,185307.6,456806.3,85375.1,217532,447036.5,456806.3,447036.5,0.01080918,1,-0.032498676,-3.9689954e-9,4.078168e-9,-8.047163e-9,0.5054046,-0.3457738,1.0218546,5.6,0,5.6,-5170.4,0.35145763,5.6,5.6,5.6,2.845293,1,0.00009963633,0,0,0,0.0002,0.00014945574,0.000017792201,0,0,0.0001,0.0001,0.0001,4.5657504e-8,0,0,false,1457.9,0.083333336,0,-0.00004702,1.0038,1.0042357,-0.00043574,119198630,0,1.8082,-0.00004702,1,1,false,0.5359612,0.5,18,14,23,1,3,9,1,false,0,1523991102
1779837259000,1779837260067,0,13,true,1.00365,1.00365,1.00365,1.00365,0,0,0,0,0,0,1.0036,1.0037,0.0001,1.00365,1.0036564,1.0037177,53947.3,188076.9,460772,85070.5,218199,456052.6,460772,456052.6,0.0051475493,0,-0.018580265,-3.9573256e-9,4.033077e-9,-7.990403e-9,0.5025738,-0.12739925,1.0103483,0,0,0,-5170.4,0.33993444,0,0,0,0,0,-0.00004981692,0,0,0,0.0001,-0.00014945325,49816.92,0,0,0,0.0001,-0.0002,4.5657504e-8,0,0,false,1457.9,0.115384616,-0.0002,-0.00004702,1.0038,1.0042357,-0.00043574,119198630,0,1.8082,-0.00004702,1,1,false,0.5359612,0.5,19,14,23,1,3,8,0,false,0,4215653809
1779837260000,1779837260998,0,14,true,1.00365,1.00365,1.00365,1.00365,0,0,0,0,0,0,1.0036,1.0037,0.0001,1.00365,1.0036736,1.0037205,51503.3,185632.9,458308.7,86992.6,220332.4,458227.8,458308.7,458227.8,0.00008826708,0,-0.03956397,-3.9577692e-9,4.026357e-9,-7.984126e-9,0.5000441,-0.47100306,1.0001765,0,0,0,-5170.4,0.32878906,0,0,0,0,0,0,0,0,0,0.00005,0.00004981692,0,0,0,0,0.0001,nan,4.5657504e-8,0,0,false,1457.9,0.14285715,nan,-0.00004702,1.0038,1.0042357,-0.00043574,119198630,0,1.8082,-0.00004702,1,1,false,0.5359612,0.5,20,14,23,1,3,8,0,false,0,678456569
1779837261000,1779837262083,0,15,true,1.0037,1.0037,1.0037,1.0037,49.3,49.3,0,1,1,0,1.0036,1.0037,0.0001,1.00365,1.0036644,1.0037214,51414.3,185643.3,458319.1,85566,218712.7,457052.1,458319.1,457052.1,0.0013841379,1,-0.03318495,-3.9586414e-9,4.0251247e-9,-7.983766e-9,0.50069207,-0.28798312,1.0027721,49.3,0,49.3,-5121.1,0.35079595,49.3,49.3,49.3,2.8506598,1,0.00004981692,0,0,0,0,0.00004981692,0.0000010104852,0,0,0.0001,0.0001,0.0003,4.54708e-8,0,0,false,1301.3889,0.06666667,0.0002,-0.00004702,1.0038,1.0042357,-0.00043574,119198630,0,1.8082,-0.00004702,1,1,false,0.5091375,0.5,21,14,23,1,3,10,1,false,0,2066750445
1779837262000,1779837263037,0,16,true,1.0037,1.0037,1.0037,1.0037,299.4,299.4,0,2,2,0,1.0036,1.0037,0.0001,1.00365,1.0036517,1.0037154,52935.5,186146.4,458822.2,80563.6,213511.2,451850.6,458822.2,451850.6,0.007655439,1,-0.014332373,-3.9750248e-9,4.0416226e-9,-8.016647e-9,0.5038277,-0.035128064,1.015429,299.4,0,299.4,-4821.7,0.40486822,149.7,150,299.4,4.939879,1.8115942,0,0,0,0,0,-0.00004981692,0,0,0,0.0001,0.0001,0.0003,4.5432706e-8,0,0,false,1201.19,0.0625,0.0002,-0.00004702,1.0038,1.0042357,-0.00043574,119198580,0,1.8082,-0.00004702,1,1,false,0.46341372,0.5,22,14,23,1,3,8,2,false,0,3433558869
1779837263000,1779837264053,0,17,true,1.0037,1.0037,1.0037,1.0037,12,12,0,1,1,0,1.0036,1.0037,0.0001,1.00365,1.0036788,1.0037322,48747.2,183017.4,450675.4,106025.6,239440.4,462813.6,450675.4,462813.6,-0.013287735,1,-0.06512968,-4.000353e-9,4.078398e-9,-8.078751e-9,0.49335614,-0.57638603,0.973773,12,0,12,-4809.7,0.42438075,12,12,12,2.3563745,1,0,0,0,0,0.00005,0,0,0,0,0.0001,0.0001,0.0003,4.5219874e-8,0,0,false,1093.0818,0.05882353,0.0002,-0.00004702,1.0038,1.0042357,-0.00043574,119198580,0,1.8082,-0.00004702,1,1,false,0.44375744,0.5,23,14,23,1,3,8,1,false,0,1502873872
1779837264000,1779837265019,0,18,true,1.0036,1.0036,1.0036,1.0036,251.4,0,251.4,1,0,1,1.0035,1.0036,0.0001,1.00355,1.0035733,1.003594,68665,192677.7,481070.1,97765.8,222959.4,453433.9,481070.1,453433.9,0.029573122,-1,0.00159698,-3.8566603e-9,4.100027e-9,-7.956687e-9,0.51478654,-0.46627432,1.0609487,0,251.4,-251.4,-5061.1,0.44325352,251.4,251.4,-251.4,2.2560453,1,-0.00009963633,0,0,0,-0.00005,-0.00009963633,3.9632587e-7,0,0,0.0001,0.0001,-0.0001,4.8176e-8,0,0,false,1022.94165,0.055555556,-0.0002,-0.00004702,1.0038,1.0042357,-0.00043574,119198580,0,1.8082,-0.00004702,1,1,false,0.4258486,0.5,24,14,23,1,3,9,1,false,0,1355072231
1779837265000,1779837266040,0,19,true,1.0035,1.0036,1.0035,1.0036,854.3,837.3,17,4,2,2,1.0035,1.0036,0.0001,1.00355,1.0035316,1.0035648,80217.9,204534.8,488174.9,77832.3,199613,425175,488174.9,425175,0.068976745,0.9602013,0.09288218,-3.8700665e-9,4.1869526e-9,-8.057019e-9,0.5344884,0.36760566,1.148174,837.3,17,820.3,-4240.8,0.55986816,213.575,774.5,820.3,7.1445394,4.823151,0,0,0.000059843675,0,0,0.00009963633,0,0,0.99999,0.0001,0.0001,0.0001,5.46101e-8,0,0,false,1007.3538,0.05263158,0,-0.00004702,1.0038,1.0042357,-0.00043574,119198580,0,1.8082,-0.00004702,1,1,false,0.548118,0.5,25,14,23,1,3,8,4,false,0,573336577
1779837266000,1779837267020,0,20,true,1.0036,1.0036,1.0036,1.0036,90.6,90.6,0,1,1,0,1.0035,1.0036,0.0001,1.00355,1.0035311,1.0035659,79823.6,207544.1,496166.5,77744.5,200543.7,431088,496166.5,431088,0.070184074,1,0.0946001,-3.793725e-9,4.1533212e-9,-7.947047e-9,0.53509206,0.3771193,1.1509634,90.6,0,90.6,-4150.2,0.5742987,90.6,90.6,90.6,1.7412542,1,0,0.00008336203,0,3.723071e-8,-0.00005,0,0,-1,0,0.0001,0.0001,0.0001,5.4540543e-8,0,0,false,941.8714,0.05,0,-0.00004702,1.0038,1.0042357,-0.00043574,119198580,0,1.8082,-0.00004702,1,0,false,0.355713,0.5,26,14,23,1,3,9,1,false,0,257411372
1779837267000,1779837268099,0,21,true,1.0036,1.0036,1.0036,1.0036,49,49,0,1,1,0,1.0035,1.0036,0.0001,1.00355,1.0035334,1.0035658,79888.2,210355.5,498977.9,77723.6,200522.8,431067.1,498977.9,431067.1,0.073018834,1,0.09723363,-3.7700283e-9,4.15382e-9,-7.923848e-9,0.5365094,0.3327061,1.1575412,49,0,49,-4101.2,0.5882561,49,49,49,1.6999398,1,0,0.00008336203,0,3.723071e-8,0,0,0,-1,0,0.0001,0.0001,-0.0001,5.4409636e-8,9963.881,0,false,882.3467,0.04761905,-0.0002,-0.00004702,1.0038,1.0042357,-0.00043574,119198510,0,1.8082,-0.00004702,1,0,false,0.3445984,0.5,27,14,23,1,3,8,1,false,0,1814432112
1779837268000,1779837269065,0,22,true,1.00355,1.00355,1.00355,1.00355,0,0,0,0,0,0,1.0035,1.0036,0.0001,1.00355,1.0035359,1.0035657,79888.2,210753.1,500365,77768.7,200549.9,429853.8,500365,429853.8,0.075800665,0,0.09923689,-3.7646446e-9,4.164478e-9,-7.929123e-9,0.5379003,0.28279948,1.1640353,0,0,0,-4101.2,0.568969,0,0,0,0,0,-0.000049821887,0.000051049094,0,2.2337758e-8,-0.00015,-0.000049821887,49821.887,-1,0,0,0.0001,0.0002,5.4409636e-8,9963.881,0,false,882.3467,0.06818182,0.0002,-0.00004702,1.0038,1.0042357,-0.00043574,119198510,0,1.8082,-0.00004702,1,0,false,0.3445984,0.5,28,14,23,1,3,5,0,false,0,2396279063
1779837269000,1779837270085,0,23,true,1.0035,1.0035,1.0035,1.0035,9.7,0,9.7,1,0,1,1.0035,1.0036,0.0001,1.00355,1.003536,1.0035657,79878.5,206760.3,498262,77811.1,200283.3,430833.4,498262,430833.4,0.07257447,-1,0.09520155,-3.7831223e-9,4.156685e-9,-7.939807e-9,0.53628725,0.2799877,1.1565074,0,9.7,-9.7,-4110.9,0.5831012,9.7,9.7,-9.7,1.7149682,1,-0.000049824368,0.000051049094,0,2.2337758e-8,-0.00015,-2.482344e-9,0.0000051365328,-1,0,0.0001,0.0001,0.0003,5.558142e-8,12455.1,0,false,827.8063,0.04347826,0.0002,-0.00004702,1.0038,1.0042357,-0.00043574,119198510,0,1.8082,-0.00004702,1,0,false,0.3342213,0.5,29,14,23,1,3,7,1,false,0,39713914
1779837270000,1779837271087,0,24,true,1.0036,1.0036,1.0036,1.0036,7.8,7.8,0,1,1,0,1.0035,1.0036,0.0001,1.00355,1.0035278,1.0035647,80958.4,210009.2,501571.9,76355.2,199672.5,430222.6,501571.9,430222.6,0.07657193,1,0.10958737,-3.761681e-9,4.145149e-9,-7.90683e-9,0.538286,0.44510427,1.1658428,7.8,0,7.8,-4103.1,0.59677,7.8,7.8,7.8,1.6756874,1,0.000099646255,0.000054574422,0,2.2338499e-8,-0.00005,0.00014947062,0.000012775161,-1,0,0.0001,0.0001,-0.0001,5.415677e-8,9964.005,0,false,779.5706,0.041666668,-0.0002,-0.00004702,1.0038,1.0042357,-0.00043574,119198510,0,1.8082,-0.00004702,1,1,false,0.32450855,0.5,30,14,23,1,3,7,1,false,0,39569464
1779837271000,1779837272168,0,25,true,1.0036,1.0036,1.0036,1.0036,12.1,12.1,0,1,1,0,1.0035,1.0036,0.0001,1.00355,1.0035278,1.0035648,80958.4,212403.1,502967.4,76456.5,199773.8,430323.9,502967.4,430323.9,0.07783583,1,0.11109365,-3.743418e-9,4.14474e-9,-7.888158e-9,0.5389179,0.44485706,1.1688112,12.1,0,12.1,-4091,0.60999066,12.1,12.1,12.1,1.6393694,1,0,0.000049819653,0,2.2338499e-8,-0.0001,-0.000099646255,0,-1,0,0.0001,0.0001,-0.0001,5.3997336e-8,9964.005,0,false,736.93335,0.04,-0.0002,-0.00004702,1.0038,1.0042357,-0.00043574,119198510,0,1.8082,-0.00004702,1,0,false,0.31539643,0.5,31,14,23,1,3,6,1,false,0,298087824
1779837272000,1779837273097,0,26,true,1.0036,1.0036,1.0036,1.0036,2758.2,2758.2,0,1,1,0,1.0036,1.0037,0.0001,1.00365,1.003626,1.0036893,63123.5,198146.7,472838.3,74035.6,211785.2,447618.3,472838.3,447618.3,0.027399445,1,0.04933777,-3.8883767e-9,4.0758987e-9,-7.9642755e-9,0.5136997,0.47907367,1.0563426,2758.2,0,2758.2,-1332.8,0.6227779,2758.2,2758.2,2758.2,1.605709,1,0,0.000049819653,0,2.2338499e-8,-0.0001,0,0,-1,0,0.0001,0.0001,-0.0001,3.400847e-8,9964.005,0,false,843.3158,0.15384616,-0.0002,-0.00004702,1.0038,1.0042357,-0.00043574,119198080,0,1.8082,-0.00004702,1,0,false,0.45820838,0.5,32,14,23,1,3,8,1,false,0,481982309
1779837273000,1779837274057,0,27,true,1.0036,1.0036,1.0036,1.0036,51.8,0,51.8,1,0,1,1.0036,1.0037,0.0001,1.00365,1.0036643,1.0037286,54859.1,188911.1,463304.1,103096.6,241244.5,464754.5,463304.1,464754.5,-0.0015628324,-1,-0.03526405,-3.9343226e-9,4.0291703e-9,-7.963493e-9,0.49921858,-0.28589964,0.9968792,0,51.8,-51.8,-1384.6,0.6351458,51.8,51.8,-51.8,1.5744417,1,0,0.00004855833,0,2.2338499e-8,-0.0001,0,0,-1,0,0.0001,0.0001,0.0003,3.3747558e-8,9964.005,0,false,803.74,0.11111111,0.0002,-0.00004702,1.0038,1.0042357,-0.00043574,119198080,0,1.8082,-0.00004702,1,0,false,0.4462439,0.5,33,14,23,1,3,8,1,false,0,337367256
1779837274000,1779837275083,0,28,true,1.00365,1.00365,1.00365,1.00365,0,0,0,0,0,0,1.0036,1.0037,0.0001,1.00365,1.003665,1.0037261,54898.9,188950.9,463344.5,101132.5,239479.5,462989.5,463344.5,462989.5,0.0003832311,0,-0.03439577,-3.934016e-9,4.0353383e-9,-7.969354e-9,0.5001916,-0.29981783,1.0007668,0,0,0,-1384.6,0.61432135,0,0,0,0,0,0.000049819406,0.000049819777,0,2.2338499e-8,0.00005,0.000049819406,49819.406,-1,0,0,0.0001,-0.0002,3.3747558e-8,9964.005,0,false,803.74,0.125,-0.0002,-0.00004702,1.0038,1.0042357,-0.00043574,119198080,0,1.8082,-0.00004702,1,1,false,0.4462439,0.5,34,14,23,1,3,9,0,false,0,1678796414
1779837275000,1779837276049,0,29,true,1.0036,1.0036,1.0036,1.0036,7.1,0,7.1,1,0,1,1.0036,1.0037,0.0001,1.00365,1.0036651,1.0037227,54937,188989,458370.3,94862.4,233508.1,452035.8,458370.3,452035.8,0.006957884,-1,-0.028025743,-3.976531e-9,4.1026698e-9,-8.079201e-9,0.50347894,-0.30126885,1.0140133,0,7.1,-7.1,-1391.7,0.62696654,7.1,7.1,-7.1,1.5949814,1,-0.000049819406,0.000049819777,0,2.2338499e-8,0,-0.00009963881,0.0000070168176,-1,0,0.0001,0.0001,0.0003,3.3565666e-8,9964.005,0,false,765.80475,0.06896552,0.0002,-0.00004702,1.0038,1.0042357,-0.00043574,119198080,0,1.8082,-0.00004702,1,0,false,0.43494433,0.5,35,14,23,1,3,8,1,false,0,3579191946
1779837276000,1779837277135,0,30,true,1.00365,1.00365,1.00365,1.00365,0,0,0,0,0,0,1.0036,1.0037,0.0001,1.00365,1.0036637,1.0037221,55047.8,189199.2,463531.3,94528.3,232875.3,456384.8,463531.3,456384.8,0.007768643,0,-0.02603457,-3.9338914e-9,4.0546655e-9,-7.9885565e-9,0.5038843,-0.2727613,1.015659,0,0,0,-1391.7,0.60641026,0,0,0,0,0,0.000049819406,0.000049819777,0,2.2338499e-8,0.00005,0.00009963881,49819.406,-1,0,0,0.0001,-0.0002,3.3565666e-8,9964.005,0,false,765.80475,0.083333336,-0.0002,-0.00004702,1.0038,1.0042357,-0.00043574,119198080,0,1.8082,-0.00004702,1,1,false,0.43494433,0.5,36,14,23,1,3,8,0,false,0,1567676292
1779837277000,1779837278071,0,31,true,1.00365,1.00365,1.00365,1.00365,0,0,0,0,0,0,1.0036,1.0037,0.0001,1.00365,1.0036557,1.0037081,57456.8,190111.4,459461.2,84315.9,222563.4,445831.4,459461.2,445831.4,0.015055684,0,-0.0032583016,-3.9848738e-9,4.094441e-9,-8.079314e-9,0.5075278,-0.1145009,1.0305717,0,0,0,-1391.7,0.58652794,0,0,0,0,0,0,0.00004855833,0,1.7374678e-8,0.00005,-0.000049819406,0,1,0,0,0.0001,nan,3.3565666e-8,7473.0347,0,false,765.80475,0.09677419,nan,-0.00004702,1.003608,1.0041748,-0.00056683,119200030,0,1.8082,-0.00004702,1,1,false,0.43494433,0.5,37,14,23,1,3,7,0,false,0,353499884
1779837278000,1779837279023,0,32,true,1.0036,1.0038,1.0036,1.0037,4018.2,3946.8,71.4,4,2,2,1.0037,1.0038,0.0001,1.00375,1.0037373,1.0037961,60380.2,185172.6,462474.2,80678,214084,464312.9,462474.2,464312.9,-0.0019839508,0.9644617,-0.003130464,-4.092739e-9,3.9835673e-9,-8.076306e-9,0.49900803,0.25296465,0.9960399,3946.8,71.4,3875.4,2483.7,0.6984451,1004.55,3725.6,3875.4,5.7270074,5.444646,0.00004981692,0.000044560384,0.000119669465,1.2411102e-8,0.00015,0.00004981692,1.23978205e-8,1,0.4999975,0.0001,0.0001,-0.0001,2.4622393e-8,9963.881,0,false,907.15,0.375,-0.0002,-0.00004702,1.003608,1.0041748,-0.00056683,119200030,0,1.8082,-0.00004702,1,2,false,0.52530414,0.5,38,14,23,1,3,8,4,false,0,478577011
1779837279000,1779837279991,0,33,true,1.00375,1.00375,1.00375,1.00375,0,0,0,0,0,0,1.0037,1.0038,0.0001,1.00375,1.0037479,1.0037973,60066.2,186394.9,463696.5,83091.6,215949.7,466942.1,463696.5,466942.1,-0.0034874978,0,-0.015429456,-4.0779637e-9,3.981389e-9,-8.059352e-9,0.49825624,0.040433433,0.99304926,0,0,0,2483.7,0.6755452,0,0,0,0,0,0.00004981444,0.000044560245,0,1.4892704e-8,0.00025,-2.481602e-9,49814.44,1,0,0,0.0001,0,2.4622393e-8,9963.881,0,false,907.15,0.37878788,0,-0.00004702,1.003608,1.0041748,-0.00056683,119200030,0,1.8082,-0.00004702,1,1,false,0.745985,0.5,39,14,23,1,3,8,0,false,0,467202885
1779837280000,1779837281047,0,34,true,1.00375,1.00375,1.00375,1.00375,0,0,0,0,0,0,1.0037,1.0038,0.0001,1.00375,1.0037305,1.0037941,62209.6,188594.7,465296.3,82668,217340.7,468009.3,465296.3,468009.3,-0.0029068722,0,-0.000661108,-4.0679953e-9,3.955113e-9,-8.023108e-9,0.49854657,0.3884258,0.9942031,0,0,0,2483.7,0.6533962,0,0,0,0,0,0,0.000044560245,0,1.4892704e-8,0.00015,-0.00004981444,0,1,0,0,0.0001,nan,2.4622393e-8,9963.881,0,false,907.15,0.38235295,nan,-0.00004702,1.003608,1.0041748,-0.00056683,119200030,0,1.8082,-0.00004702,1,1,false,0.745985,0.5,40,14,23,1,3,9,0,false,0,495233779
1779837281000,1779837281995,0,35,true,1.0038,1.0038,1.0037,1.0037,1322.4,1281.6,40.8,2,1,1,1.0037,1.0038,0.0001,1.00375,1.0037215,1.0037892,63305,188736.9,437138.2,82183.7,216425.4,467168,437138.2,467168,-0.033207558,0.938294,-0.018202035,-4.1524593e-9,3.95741e-9,-8.109869e-9,0.48339623,0.57026815,0.9357195,1281.6,40.8,1240.8,3724.5,0.69754714,661.2,1281.6,1240.8,2.8671896,2.1231422,-0.00004981444,0.000044560107,0.000059831753,1.4892704e-8,0.0001,-0.00004981444,3.766972e-8,1,-0.99999,0.0001,0.0001,0.0003,2.9315443e-8,9963.757,0,false,921.6565,0.42857143,0.0002,-0.00004702,1.003608,1.0041748,-0.00056683,119200030,0,1.8082,-0.00004702,1,1,false,0.7682714,0.5,41,14,23,1,3,7,2,false,0,3400793020
1779837282000,1779837283004,0,36,true,1.0038,1.0038,1.0038,1.0038,221.1,221.1,0,1,1,0,1.0037,1.0038,0.0001,1.00375,1.0037218,1.0037897,63375.1,188807,435952,82422.9,216664.6,467407.2,435952,467407.2,-0.03482026,1,-0.021225562,-4.169433e-9,3.9571373e-9,-8.12657e-9,0.48258987,0.5628185,0.9327028,221.1,0,221.1,3945.6,0.7074636,221.1,221.1,221.1,1.4135002,1,0.0000996264,0.000049818413,0,1.9855538e-8,0.0002,0.00014944084,4.505943e-7,1,0,0.0001,0.0001,0.0005,3.0276645e-8,9963.757,0,false,892.4667,0.33333334,0.0004,-0.00004702,1.003608,1.0041748,-0.00056683,119201096,0,1.8082,-0.00004702,1,2,false,0.70332074,0.5,42,14,23,1,3,8,1,false,0,561143393
1779837283000,1779837284047,0,37,true,1.0038,1.0038,1.0038,1.0038,339.3,339.3,0,1,1,0,1.0037,1.0038,0.0001,1.00375,1.0037241,1.0037937,62188.3,188817.9,464264.7,82627.5,216869.2,467611.8,464264.7,467611.8,-0.003591785,1,0.00217987,-4.069854e-9,3.957334e-9,-8.027188e-9,0.4982041,0.5186851,0.99284214,339.3,0,339.3,4284.9,0.717055,339.3,339.3,339.3,1.3945931,1,0,0.000049818413,0,1.9855538e-8,0.0002,-0.0000996264,0,1,0,0.0001,0.0001,0.0005,3.0335617e-8,9963.757,0,false,870.34,0.27027026,0.0004,-0.00004702,1.003608,1.0041748,-0.00056683,119201096,0,1.8082,-0.00004702,1,1,false,0.6902499,0.5,43,14,23,1,3,8,1,false,0,4239402980
1779837284000,1779837285049,0,38,true,1.00375,1.00375,1.00375,1.00375,0,0,0,0,0,0,1.0037,1.0038,0.0001,1.00375,1.0037283,1.0037925,62940.8,189026.8,464449,82853.6,218952,469703.5,464449,469703.5,-0.0056248847,0,-0.0013567067,-4.0740544e-9,3.942185e-9,-8.016239e-9,0.49718755,0.4341339,0.98881316,0,0,0,4284.9,0.693545,0,0,0,0,0,-0.00004981196,0.00004593001,0,1.9855538e-8,0.0001,-0.00004981196,49811.96,1,0,0,0.0001,-0.0004,3.0335617e-8,9963.757,0,false,870.34,0.27631578,-0.0004,-0.00004702,1.003608,1.0041748,-0.00056683,119201096,0,1.8082,-0.00004702,1,1,false,0.6902499,0.5,44,14,23,1,3,8,0,false,0,645348785
1779837285000,1779837286039,0,39,true,1.0037,1.0037,1.0036,1.0036,1539.1,0,1539.1,2,0,2,1.0035,1.0036,0.0001,1.00355,1.003582,1.0036565,50440.2,167397.2,454362.9,98514,233452.2,461272.6,454362.9,461272.6,-0.0075463434,-1,-0.056061596,-4.002855e-9,3.980119e-9,-7.982974e-9,0.49622682,-0.6410037,0.98502034,0,1539.1,-1539.1,2745.8,0.73637956,769.55,1157.3,-1539.1,2.7159905,11.363636,-0.00014945077,0.0000568009,0.000059837712,2.7299974e-8,0,-0.00009963881,9.71027e-8,1,-0.99999,0.0001,0.0001,-0.0001,3.5126604e-8,17436.295,0,false,896.0615,0.3846154,-0.0002,-0.00004702,1.003608,1.0041748,-0.00056683,119201096,0,1.8082,-0.00004702,1,1,false,0.71511114,0.5,45,14,23,1,3,9,2,false,0,1865342870
1779837286000,1779837287077,0,40,true,1.00355,1.00355,1.00355,1.00355,0,0,0,0,0,0,1.0035,1.0036,0.0001,1.00355,1.0035766,1.0036584,50482.8,174542.9,461499.7,111380.8,246183.5,472623.6,461499.7,472623.6,-0.011908385,0,-0.053471472,-3.9364956e-9,3.967426e-9,-7.903921e-9,0.4940458,-0.53331053,0.9764635,0,0,0,2745.8,0.712236,0,0,0,0,0,-0.000049821887,0.000057883102,0,3.474589e-8,-0.0001,0.00009962888,49821.887,-1,0,0,0.0001,-0,3.5126604e-8,17436.295,0,false,896.0615,0.3875,-0,-0.00004702,1.003608,1.0041748,-0.00056683,119201096,0,1.8082,-0.00004702,1,1,false,0.7587756,0.5,46,14,23,1,3,9,0,false,0,2501022920
1779837287000,1779837287999,0,41,true,1.00355,1.00355,1.00355,1.00355,0,0,0,0,0,0,1.0035,1.0036,0.0001,1.00355,1.0035781,1.0036601,50582.5,177208.1,457931.3,110913.3,245716,468423.9,457931.3,468423.9,-0.011326756,0,-0.05515631,-3.9761447e-9,4.0034753e-9,-7.9796205e-9,0.49433663,-0.5616223,0.9776002,0,0,0,2745.8,0.688884,0,0,0,0,0,0,0.000057883102,0,3.474589e-8,-0.0001,0.000049821887,0,-1,0,0,0.0001,nan,3.5126604e-8,17436.295,0,false,896.0615,0.3902439,nan,-0.00004702,1.003608,1.0041748,-0.00056683,119200680,0,1.8082,-0.00004702,1,1,false,0.7587756,0.5,47,14,23,1,3,7,0,false,0,595071598
1779837288000,1779837289099,0,42,true,1.0035,1.0035,1.0035,1.0035,5.7,0,5.7,1,0,1,1.0035,1.0036,0.0001,1.00355,1.0035622,1.0036638,53063.1,179788.1,465523.6,116054.4,245098.7,472758.9,465523.6,472758.9,-0.007711217,-1,-0.03844636,-3.927246e-9,3.9821724e-9,-7.909419e-9,0.49614438,-0.24317303,0.98469555,0,5.7,-5.7,2740.1,0.6990845,5.7,5.7,-5.7,1.4304422,1,-0.000049824368,0.000057883208,0,3.226355e-8,-0.0002,-0.000049824368,0.000008741117,-1,0,0.0001,0.0001,0.0001,3.631995e-8,19927.514,0,false,863.0852,0.23809524,0,-0.00004702,1.003608,1.0041748,-0.00056683,119200680,0,1.8082,-0.00004702,1,0,false,0.74639887,0.5,48,14,23,1,3,8,1,false,0,2108888864
1779837289000,1779837290099,0,43,true,1.00355,1.00355,1.00355,1.00355,0,0,0,0,0,0,1.0035,1.0036,0.0001,1.00355,1.0035638,1.0036538,53079.5,172835.5,453565.1,109283.3,238283.7,460992.6,453565.1,460992.6,-0.008121412,0,-0.040049773,-4.044817e-9,4.0473926e-9,-8.09221e-9,0.49593928,-0.27493516,0.98388803,0,0,0,2740.1,0.67616373,0,0,0,0,0,0.000049824368,0.000057883208,0,2.9781205e-8,-0.0002,0.000099648736,49824.367,-1,0,0,0.0001,0,3.631995e-8,17436.295,0,false,863.0852,0.24418604,0,-0.00004702,1.003608,1.0041748,-0.00056683,119200680,0,1.8082,-0.00004702,1,1,false,0.74639887,0.5,49,14,23,1,3,8,0,false,0,2969964286
1779837290000,1779837291089,0,44,true,1.00355,1.00355,1.00355,1.00355,0,0,0,0,0,0,1.0035,1.0036,0.0001,1.00355,1.0035788,1.0036578,50899.5,176640.2,462352.1,114550.4,248272.6,504222.4,462352.1,504222.4,-0.043318234,0,-0.07585521,-3.9209547e-9,3.842825e-9,-7.76378e-9,0.4783409,-0.5752406,0.91696066,0,0,0,2740.1,0.65399444,0,0,0,0,0,0,0.000053422813,0,2.9781205e-8,-0.0002,-0.000049824368,0,-1,0,0,0.0001,nan,3.631995e-8,17436.295,0,false,863.0852,0.25,nan,-0.00004702,1.003608,1.0041748,-0.00056683,119200680,0,1.8082,-0.00004702,1,0,false,0.74639887,0.5,50,14,23,1,3,9,0,false,0,3644352801
1779837291000,1779837292067,0,45,true,1.0035,1.0035,1.0035,1.0035,9.9,0,9.9,1,0,1,1.0035,1.0036,0.0001,1.00355,1.0035831,1.0036564,51007.3,176748,462459.9,114617.2,248778.1,504278.9,462459.9,504278.9,-0.043257806,-1,-0.07770849,-3.918921e-9,3.844837e-9,-7.763758e-9,0.47837108,-0.6608115,0.9170717,0,9.9,-9.9,2730.2,0.6653389,9.9,9.9,-9.9,1.5029936,1,-0.000049824368,0.00005457216,0,2.9781205e-8,-0.0002,-0.000049824368,0.0000050327644,-1,0,0.0001,0.0001,-0.0007,3.744428e-8,19927.514,0,false,832.61426,0.2,-0.0008,-0.00004702,1.003608,1.0041748,-0.00056683,119200680,0,1.8082,-0.00004702,1,0,false,0.73444813,0.5,51,14,23,1,3,8,1,false,0,1800669775
1779837292000,1779837293000,0,46,true,1.0035,1.0035,1.0035,1.0035,12.2,0,12.2,1,0,1,1.0035,1.0036,0.0001,1.00355,1.0035815,1.0036551,50834.9,176555.5,462267.4,114523.7,248684.6,513379.8,462267.4,513379.8,-0.0523882,-1,-0.084602214,-3.9185974e-9,3.7671306e-9,-7.685728e-9,0.4738059,-0.63060325,0.9004394,0,12.2,-12.2,2718,0.6763114,12.2,12.2,-12.2,1.478609,1,0,0.00005457216,0,2.9781205e-8,-0.0003,0.000049824368,0,-1,0,0.0001,0.0001,-0.0007,3.7376513e-8,19927.514,0,false,804.32416,0.17391305,-0.0008,-0.00004702,1.003608,1.0041748,-0.00056683,119198296,0,1.8082,-0.00004702,1,1,false,0.72290224,0.5,52,14,23,1,3,7,1,false,0,1454550727
1779837293000,1779837294014,0,47,true,1.00355,1.00355,1.00355,1.00355,0,0,0,0,0,0,1.0035,1.0036,0.0001,1.00355,1.0035924,1.0036553,48022.3,170295.4,457882.9,124642.9,260096.3,524863.5,457882.9,524863.5,-0.06815655,0,-0.101329654,-3.931128e-9,3.751915e-9,-7.683043e-9,0.46592173,-0.84643346,0.8723847,0,0,0,2718,0.6541372,0,0,0,0,0,0.000049824368,0.00005569779,0,2.9781205e-8,-0.00025,0.000049824368,49824.367,-1,0,0,0.0001,0.0008,3.7376513e-8,19927.514,0,false,804.32416,0.18085106,0.0008,-0.00004702,1.003608,1.0041748,-0.00056683,119198296,0,1.8082,-0.00004702,1,1,false,0.72290224,0.5,53,14,23,1,3,9,0,false,0,146945933
1779837294000,1779837295071,0,48,true,1.00355,1.00355,1.00355,1.00355,0,0,0,0,0,0,1.0035,1.0036,0.0001,1.00355,1.0035921,1.0036522,48150.5,170400.9,457983,120985.1,257370.5,522143.7,457983,522143.7,-0.065461636,0,-0.09801416,-3.93038e-9,3.754719e-9,-7.6851e-9,0.46726918,-0.8423932,0.8771206,0,0,0,2718,0.6326901,0,0,0,0,0,0,0.000054572385,0,2.7299231e-8,-0.0002,-0.000049824368,0,-1,0,0,0.0001,nan,3.7376513e-8,19927.514,0,false,804.32416,0.1875,nan,-0.00004702,1.003608,1.0041748,-0.00056683,119198296,0,1.8082,-0.00004702,1,0,false,0.72290224,0.5,54,14,23,1,3,7,0,false,0,1619468758
1779837295000,1779837296049,0,49,true,1.0035,1.0035,1.0033,1.0033,3361.2,0,3361.2,3,0,3,1.0032,1.0033,0.0001,1.00325,1.0032976,1.0033785,38153.6,153008.7,455807.4,128145.6,248444.9,514498.2,455807.4,514498.2,-0.060486924,-1,-0.11934166,-3.8266155e-9,3.7632546e-9,-7.58987e-9,0.46975654,-0.95214975,0.8859261,0,3361.2,-3361.2,-643.2,0.7103068,1120.4,1991.1,-3361.2,4.223527,249.99994,-0.0002491467,0.00007718646,0.00011970524,2.4817258e-8,-0.0003,-0.0002491467,7.412432e-8,-1,-0.999995,0.0001,0.0001,-0.0005,3.368074e-8,29893.877,0,false,889.55334,0.42857143,-0.0006,-0.00004702,1.003608,1.0041748,-0.00056683,119198296,0,1.8082,-0.00004702,1,0,false,0.8273686,0.5,55,14,23,1,3,8,3,false,0,3318688624
1779837296000,1779837297000,0,50,true,1.0032,1.0032,1.0032,1.0032,476,121.2,354.8,2,1,1,1.0031,1.0032,0.0001,1.00315,1.0031806,1.003249,50787.5,183067.6,489062.1,118515.3,253221.1,532316,489062.1,532316,-0.042348567,-0.4907563,-0.087096944,-3.6989232e-9,3.6007857e-9,-7.299709e-9,0.47882572,-0.6133665,0.91874397,121.2,354.8,-233.6,-876.8,0.75259185,238,354.8,-233.6,2.657483,1.438849,-0.00009967605,0.00007956392,0,4.9651216e-8,-0.00035,0.00014947062,2.0940347e-7,-1,0,0.0001,0.0001,-0.0003,3.3459308e-8,29893.877,0,false,868.39355,0.34,-0.0004,-0.00004702,1.003608,1.0041748,-0.00056683,119198296,0,1.8082,-0.00004702,1,1,false,0.7715823,0.5,56,14,23,1,3,8,2,false,0,4220807887
1779837297000,1779837298060,0,51,true,1.00315,1.00315,1.00315,1.00315,0,0,0,0,0,0,1.0031,1.0032,0.0001,1.00315,1.0031806,1.0032487,51014.6,185884.1,490721.9,118835.5,251992.9,531091.7,490721.9,531091.7,-0.03950799,0,-0.08674528,-3.6838377e-9,3.611587e-9,-7.2954247e-9,0.480246,-0.6132851,0.92398715,0,0,0,-876.8,0.7279167,0,0,0,0,0,-0.000049841754,0.000080340695,0,5.4619246e-8,-0.0004,0.0000498343,49841.754,-1,0,0,0.0001,-0.0006,3.3459308e-8,29893.877,0,false,868.39355,0.34313726,-0.0006,-0.00004702,1.003608,1.0041748,-0.00056683,119198300,0,1.8082,-0.00004702,1,1,false,0.7715823,0.5,57,14,23,1,3,10,0,false,0,3636122627
1779837298000,1779837299127,0,52,true,1.00315,1.00315,1.00315,1.00315,0,0,0,0,0,0,1.0031,1.0032,0.0001,1.00315,1.0031813,1.0032455,50877.5,184650.8,489497.5,113516.2,247125.8,534806.5,489497.5,534806.5,-0.044233937,0,-0.08625391,-3.6931196e-9,3.5999141e-9,-7.2930337e-9,0.47788304,-0.6278896,0.9152796,0,0,0,-876.8,0.70405054,0,0,0,0,0,0,0.00007956469,0,5.2137644e-8,-0.00035,0.000049841754,0,-1,0,0,0.0001,nan,3.3459308e-8,27403.031,0,false,868.39355,0.34615386,nan,-0.00004702,1.003608,1.0041748,-0.00056683,119198300,0,1.8082,-0.00004702,1,1,false,0.7715823,0.5,58,14,23,1,3,9,0,false,0,567461947
1779837299000,1779837300033,0,53,true,1.0032,1.0032,1.0032,1.0032,147.6,147.6,0,2,2,0,1.0031,1.0032,0.0001,1.00315,1.0031813,1.003247,50885,185404.3,490251,115984.6,249927.3,535523,490251,535523,-0.04413448,1,-0.08765104,-3.6888266e-9,3.611382e-9,-7.300209e-9,0.47793275,-0.6256377,0.9154621,147.6,0,147.6,-729.2,0.7465407,73.8,135.6,147.6,2.6790233,7.8125,0.000049841754,0.00007956555,0,5.2137644e-8,-0.00035,0.000049841754,3.3768126e-7,-1,0,0.0001,0.0001,0.0007,3.1078304e-8,29895.12,0,false,845.8688,0.26415095,0.0006,-0.00004702,1.003608,1.0041748,-0.00056683,119198300,0,1.8082,-0.00004702,1,1,false,0.75195724,0.5,59,14,23,1,3,8,2,false,0,73700803
1779837300000,1779837301012,0,54,true,1.0031,1.0031,1.003,1.003,1488.3,30.7,1457.6,4,1,3,1.003,1.0031,0.0001,1.00305,1.0030745,1.0031563,46733.3,177497.6,481778.7,117517.6,264321.2,553446.5,481778.7,553446.5,-0.069229186,-0.9587449,-0.12676185,-3.6507173e-9,3.589856e-9,-7.240573e-9,0.4653854,-0.49096724,0.87050635,30.7,1457.6,-1426.9,-2156.1,0.8532115,372.075,1361.6,-1426.9,4.6881695,5.524862,-0.00019938192,0.0000912049,0.000059873506,6.207519e-8,-0.00055,-0.00024922367,1.3396621e-7,-1,-0.99999,0.0001,0.0001,-0.0001,3.330607e-8,29895.12,0,false,863.47577,0.33333334,-0.0002,-0.00004702,1.003608,1.0041748,-0.00056683,119198300,0,1.8082,-0.00004702,1,0,false,0.7430155,0.5,0,15,23,1,3,9,4,false,0,550499167
1779837301000,1779837302008,0,55,true,1.00305,1.00305,1.00305,1.00305,0,0,0,0,0,0,1.003,1.0031,0.0001,1.00305,1.0030763,1.0031528,46639,178580.7,483989.7,111164.1,257832.3,549353.8,483989.7,549353.8,-0.06325496,0,-0.124036744,-3.6309218e-9,3.591545e-9,-7.222467e-9,0.46837252,-0.5257446,0.8810164,0,0,0,-2156.1,0.82523733,0,0,0,0,0,0.000049849205,0.00009120585,0,6.705138e-8,-0.00045,0.00024923112,49849.207,-1,0,0,0.0001,0.0002,3.330607e-8,27404.396,-0.98113203,false,863.47577,0.33636364,0.0002,-0.00004702,1.003608,1.0041748,-0.00056683,119198300,0,1.8082,-0.00004702,1,1,false,0.7157037,0.5,1,15,23,1,3,9,0,false,0,2388775885
1779837302000,1779837303081,0,56,true,1.003,1.003,1.0028,1.0028,3867.3,122,3745.3,5,1,4,1.0028,1.0029,0.0001,1.00285,1.0028353,1.0029241,61180.9,194333.9,484549.5,98283.1,233304.5,484178.6,484549.5,484178.6,0.00038287317,-0.9369069,-0.03836827,-3.5758698e-9,3.7545096e-9,-7.3303794e-9,0.50019145,0.29487947,1.000766,122,3745.3,-3623.3,-5779.4,0.9621148,773.46,3514.7,-3623.3,5.196885,4.6511626,-0.00024927087,0.00010454203,0.000119764925,7.947734e-8,-0.0007,-0.0002991201,6.445605e-8,-1,-0.999995,0.0001,0.0001,nan,2.5648976e-8,39867.94,-0.4811321,false,944.64703,0.66071427,nan,-0.00004702,1.003608,1.0041748,-0.00056683,119195080,0,1.8082,-0.00004702,1,0,false,0.7338287,0.5,2,15,23,1,3,10,5,false,0,3199761177
1779837303000,1779837304053,0,57,true,1.0029,1.0029,1.0028,1.0029,173.2,123.4,49.8,3,2,1,1.0028,1.0029,0.0001,1.00285,1.0028402,1.0029149,64055.6,201016,490228.3,98842.7,234066.1,483791,490228.3,483791,0.006609007,0.42494226,-0.030638166,-3.5434695e-9,3.761907e-9,-7.3053763e-9,0.5033045,0.19746824,1.0133059,123.4,49.8,73.6,-5705.8,1.0289308,57.733334,64.5,73.6,2.9156482,3.7807183,0.00009971581,0.00010689339,0.000059885446,1.0433359e-7,-0.00065,0.00034898668,5.757264e-7,-1,0,0.0001,0.0001,nan,2.021247e-8,39867.94,-0.4814815,false,919.76,0.61403507,nan,-0.00004702,1.003608,1.0041748,-0.00056683,119195080,0,1.8082,-0.00004702,1,1,false,0.7683181,0.5,3,15,23,1,3,7,3,false,0,1392955010
1779837304000,1779837304995,0,58,true,1.00285,1.00285,1.00285,1.00285,0,0,0,0,0,0,1.0028,1.0029,0.0001,1.00285,1.0028673,1.002933,55974.1,187152.2,478258.9,104873.8,239410.4,489141.3,478258.9,489141.3,-0.011249119,0,-0.07428114,-3.6129246e-9,3.767336e-9,-7.380261e-9,0.49437544,-0.34738392,0.97775203,0,0,0,-5705.8,0.9951953,0,0,0,0,0,-0.000049856662,0.00010689443,0,1.0186065e-7,-0.0007,-0.00014957247,49856.66,-1,0,0,0.0001,nan,2.021247e-8,39867.94,-0.48181817,false,919.76,0.61206895,nan,-0.00004702,1.003608,1.0041748,-0.00056683,119195080,0,1.8082,-0.00004702,1,0,false,0.7683181,0.5,4,15,23,1,3,9,0,false,0,3786385681
1779837305000,1779837306070,0,59,true,1.0029,1.003,1.0029,1.003,1830.4,1830.4,0,3,3,0,1.0029,1.003,0.0001,1.00295,1.0029421,1.0030288,62195,181425,492683.6,88760.5,214601.8,484603.9,492683.6,484603.9,0.008267475,1,-0.0056152004,-3.6757173e-9,3.7860333e-9,-7.46175e-9,0.50413376,0.15898259,1.0166728,1830.4,0,1830.4,-3875.4,1.0609266,610.13336,1652.8,1830.4,2.8277168,8.583691,0.00014956253,0.00010690225,0.000059879476,1.0187142e-7,-0.0003,0.0001994192,8.17103e-8,-1,0.99999,0.0001,0.0001,nan,1.6427052e-8,39873.527,-0.48214287,false,945.05554,0.6779661,nan,-0.00004702,1.003608,1.0041748,-0.00056683,119195080,0,1.8082,-0.00004702,1,1,false,0.82202214,0.5,5,15,23,1,3,9,3,false,0,4068050352
1779837306000,1779837307071,0,60,true,1.00295,1.00295,1.00295,1.00295,0,0,0,0,0,0,1.0029,1.003,0.0001,1.00295,1.0029281,1.0030041,69039.7,186579.3,497072.4,82329.4,208786.3,479237.4,497072.4,479237.4,0.018267768,0,0.024366789,-3.6699266e-9,3.7934544e-9,-7.463381e-9,0.5091339,0.43669048,1.0372154,0,0,0,-3875.4,1.0261421,0,0,0,0,0,-0.000049851693,0.000106902946,0,1.0932737e-7,-0.00025,-0.00019941422,49851.69,-1,0,0,0.0001,nan,1.6427052e-8,39873.527,-0.48245615,false,945.05554,0.675,nan,-0.00004702,1.003608,1.0041748,-0.00056683,119195080,-0.00032902023,1.8082,-0.00004702,2,0,false,0.747242,0.54650944,6,15,23,1,3,8,0,false,0,218774983
1779837307000,1779837308300,0,61,true,1.003,1.003,1.003,1.003,182.5,182.5,0,4,4,0,1.0029,1.003,0.0001,1.00295,1.002941,1.0030072,69074.9,187118.6,492641.4,87142.7,213087.8,478555.1,492641.4,478555.1,0.014504068,1,0.0067378506,-3.6745502e-9,3.8389953e-9,-7.513545e-9,0.50725204,0.18005152,1.029435,182.5,0,182.5,-3692.9,1.1236457,45.625,149.5,182.5,3.5598412,6.1099796,0.000049851693,0.00010748255,0,1.11812554e-7,-0.00015,0.000099703386,2.7315994e-7,-1,0,0.0001,0.0001,-0.0001,1.1277669e-8,42366.113,-0.48245615,false,924.4459,0.6229508,-0.0002,-0.00004632,1.003,1.0035193,-0.00051927,119195080,-0.00032902023,1.8082,-0.00004632,2,1,false,0.72089684,0.53627753,7,15,23,1,3,8,4,false,0,4050630793
1779837308000,1779837309039,0,62,true,1.003,1.003,1.003,1.003,4057.3,4057.3,0,1,1,0,1.003,1.0031,0.0001,1.00305,1.0030257,1.0030881,70265.9,184478.8,479133.6,81074.3,216142.4,502693,479133.6,502693,-0.02399548,1,-0.010282256,-3.7874917e-9,3.761033e-9,-7.5485245e-9,0.48800227,0.48618004,0.95313364,4057.3,0,4057.3,364.4,1.1195917,4057.3,4057.3,4057.3,0.89318275,1,0,0.00010690358,0,1.0933009e-7,-0.00015,-0.000049851693,0,-1,0,0.0001,0.0001,0.0005,8.491905e-9,39874.895,-0.46491227,false,1006.88947,0.6935484,0.0004,-0.00004632,1.003,1.0035193,-0.00051927,119195080,-0.00032902023,1.8082,-0.00004632,2,0,false,0.9819734,0.5855136,8,15,23,1,3,8,1,false,0,3612009814
1779837309000,1779837309995,0,63,true,1.0031,1.0031,1.0031,1.0031,98.3,98.3,0,1,1,0,1.003,1.0031,0.0001,1.00305,1.0030371,1.0030882,70552.9,184878.1,479433.5,83405.3,223327,514769.4,479433.5,514769.4,-0.03554194,1,-0.027830362,-3.788416e-9,3.7036079e-9,-7.492024e-9,0.48222902,0.2578998,0.9313559,98.3,0,98.3,462.7,1.1156707,98.3,98.3,98.3,0.89632183,1,0.00009969593,0.0001086334,0,1.0933009e-7,-0.0001,0.00009969593,0.0000010142007,-1,0,0.0001,0.0001,0.0009,8.9895265e-9,39874.895,-0.63095236,false,983.5923,0.6825397,0.0008,-0.00004632,1.003,1.0035193,-0.00051927,119195080,-0.00032902023,1.8082,-0.00004632,2,1,false,0.99961716,0.58717304,9,15,23,1,3,7,1,false,0,2926461950
1779837310000,1779837311324,0,64,true,1.0031,1.0031,1.0031,1.0031,30,30,0,1,1,0,1.003,1.0031,0.0001,1.00305,1.0030369,1.0030901,70153.1,186050.4,468380.9,83380.2,223301.9,514105.7,468380.9,514105.7,-0.046539873,1,-0.033290748,-3.898647e-9,3.7079382e-9,-7.606586e-9,0.47673008,0.26376414,0.91105956,30,0,30,492.7,1.1118782,30,30,30,0.8993791,1,0,0.0001086334,0,1.0933009e-7,0.0001,-0.00009969593,0,-1,0,0.0001,0.0001,0.0009,9.002852e-9,39874.895,-0.71363634,false,959.7525,0.671875,0.0008,-0.00004632,1.003,1.0035193,-0.00051927,119195080,-0.00032902023,1.8082,-0.00004632,2,0,false,0.9907173,0.5837623,10,15,23,1,3,8,1,false,0,2146733897
1779837311000,1779837312695,0,65,true,1.00305,1.00305,1.00305,1.00305,0,0,0,0,0,0,1.003,1.0031,0.0001,1.00305,1.0030307,1.0030888,71132.9,184460.4,466680.2,83790.9,223823.7,514631.4,466680.2,514631.4,-0.0488644,0,-0.034962457,-3.9262753e-9,3.702967e-9,-7.629242e-9,0.4755678,0.38585472,0.9068242,0,0,0,492.7,1.0754231,0,0,0,0,0,-0.00004984672,0.00010863392,0,1.0933009e-7,0,-0.00004984672,49846.723,-1,0,0,0.0001,-0.0006,9.002852e-9,37383.676,-0.76296294,false,959.7525,0.66923076,-0.0006,-0.00004632,1.003,1.0035193,-0.00051927,119195080,-0.000029751182,1.8082,-0.00004632,2,0,false,0.9277113,0.5732394,11,15,23,1,3,9,0,false,0,905513984
1779837312000,1779837313078,0,66,true,1.00305,1.00305,1.00305,1.00305,0,0,0,0,0,0,1.003,1.0031,0.0001,1.00305,1.0030307,1.0030891,71197.5,184524.6,466744.4,83913.3,223835,514822.7,466744.4,514822.7,-0.048981164,0,-0.03568721,-3.9269143e-9,3.7023076e-9,-7.629222e-9,0.4755094,0.38766584,0.9066119,0,0,0,492.7,1.0401634,0,0,0,0,0,0,0.00010863392,0,1.0933009e-7,0.00025,0.00004984672,0,-1,0,0,0.0001,nan,9.002852e-9,37383.676,-0.7955975,false,959.7525,0.6666667,nan,-0.00004632,1.003,1.0035193,-0.00051927,119195080,-0.000029751182,1.8082,-0.00004632,2,1,false,0.9360175,0.5732394,12,15,23,1,3,9,0,false,0,1367531937
1779837313000,1779837315017,0,67,true,1.00275,1.00275,1.00275,1.00275,0,0,0,0,0,0,1.0027,1.0028,0.0001,1.00275,1.0027733,1.0028709,43147.3,215967.1,447935.4,103784.6,246256.3,486987.9,447935.4,486987.9,-0.041770805,0,-0.106188625,-3.9378354e-9,3.7999968e-9,-7.737832e-9,0.4791146,-0.46626675,0.9198081,0,0,0,492.7,1.0060596,0,0,0,0,0,-0.00029913252,0.00012708743,0,1.0933009e-7,-0.00015,-0.00029913252,299132.53,-1,0,0,0.0001,-0,9.002852e-9,52340.3,-0.67582417,false,959.7525,0.6641791,-0,-0.00004632,1.003,1.0035193,-0.00051927,119194140,-0.000037624595,1.8082,-0.00004632,2,0,false,0.95307297,0.52148193,13,15,23,1,3,9,0,false,0,1820394744
1779837314000,1779837315056,0,68,true,1.003,1.003,1.0027,1.0027,2139.9,0,2139.9,4,0,4,1.0026,1.0027,0.0001,1.00265,1.0026771,1.00274,52685.6,220410,464603.5,127722.2,266323.9,527235.9,464603.5,527235.9,-0.06314772,-1,-0.14321434,-3.740548e-9,3.6973602e-9,-7.437908e-9,0.46842614,-0.5427842,0.8812061,0,2139.9,-2139.9,-1647.2,1.1042217,534.975,1160.1,-2139.9,3.622461,2.9069767,-0.00004986412,0.00012757562,0.00017965634,1.2424607e-7,-0.00015,0.0002492684,2.330208e-8,-1,-0.99999666,0.0001,0.0001,0.0001,1.1558982e-8,54833.508,-0.67582417,false,988.53656,0.7058824,0,-0.00004632,1.003,1.0035193,-0.00051927,119194140,-0.000037624595,1.8082,-0.00004632,2,1,false,0.9653948,0.5157314,14,15,23,1,3,9,4,false,0,3458208599
1779837315000,1779837319519,0,69,true,1.0026,1.0026,1.0026,1.0026,59.6,0,59.6,1,0,1,1.0026,1.0027,0.0001,1.00265,1.0026788,1.0027397,52289.3,218252.3,467030.4,127914.4,272527,529636.9,467030.4,529636.9,-0.062815845,-1,-0.14362386,-3.740004e-9,3.6951935e-9,-7.4351973e-9,0.46859208,-0.5757125,0.88179356,0,59.6,-59.6,-1706.8,1.1008046,59.6,59.6,-59.6,0.90842646,1,-0.0000997357,0.00011691534,0,1.0438534e-7,-0.0004,-0.00004987158,0.0000016734178,-1,0,0.0001,0.0001,0.0001,1.1565076e-8,42376.176,-0.67582417,false,966.41907,0.68115944,0,-0.00004632,1.003,1.0035193,-0.00051927,119194140,-0.000037624595,1.8082,-0.00004632,2,0,false,0.98066986,0.5084377,15,15,23,1,3,10,1,false,0,3410778524
1779837316000,1779837319527,0,70,true,1.00275,1.00275,1.00275,1.00275,0,0,0,0,0,0,1.0027,1.0028,0.0001,1.00275,1.002736,1.0028597,46264.4,225153.8,471418.1,83584.2,246201.2,483792.3,471418.1,483792.3,-0.012954423,0,-0.03548131,-3.7879637e-9,3.6940975e-9,-7.482061e-9,0.4935228,0.2817323,0.9744225,0,0,0,-1706.8,1.0647126,0,0,0,0,0,0.00014959981,0.00011954679,0,1.1433776e-7,-0.0002,0.0002493355,149599.83,-1,0,0,0.0001,0.0002,1.1565076e-8,42376.176,-0.67582417,false,966.41907,0.6785714,0.0002,-0.00004632,1.003,1.0035193,-0.00051927,119194140,-0.000037667378,1.8082,-0.00004632,2,1,false,1.0042118,0.51481044,16,15,23,1,3,9,0,false,0,1880820082
1779837317000,1779837319532,0,71,true,1.00275,1.00275,1.00275,1.00275,0,0,0,0,0,0,1.0027,1.0028,0.0001,1.00275,1.0027398,1.0028596,48007.2,226708.3,472653.4,88132.4,250036.6,487841.7,472653.4,487841.7,-0.015812991,0,-0.042364147,-3.79392e-9,3.6900991e-9,-7.484019e-9,0.4920935,0.20418549,0.96886635,0,0,0,-1706.8,1.029804,0,0,0,0,0,0,0.000119026154,0,1.1433776e-7,-0.00025,-0.00014959981,0,-1,0,0,0.0001,nan,1.1565076e-8,42376.176,-0.67582417,false,966.41907,0.6760563,nan,-0.00004632,1.003,1.0035193,-0.00051927,119194140,-0.000037667378,1.8082,-0.00004632,2,0,false,1.0042118,0.5239708,17,15,23,1,3,10,0,false,0,1936711276
1779837318000,1779837319540,0,72,true,1.00275,1.00275,1.00275,1.00275,0,0,0,0,0,0,1.0027,1.0028,0.0001,1.00275,1.0027536,1.0028639,44376.3,220161.3,466006.9,89063.2,250967.4,488772.5,466006.9,488772.5,-0.023843832,0,-0.06594024,-3.824044e-9,3.6896404e-9,-7.513685e-9,0.4880781,-0.07164586,0.9534229,0,0,0,-1706.8,0.9960399,0,0,0,0,0,0,0.000119026154,0,1.1433776e-7,-0.00025,0,0,-1,0,0,0.0001,nan,1.1565076e-8,42376.176,-0.67582417,false,966.41907,0.6736111,nan,-0.00004632,1.003,1.0035193,-0.00051927,119194140,-0.000037667378,1.8082,-0.00004632,2,0,false,1.0122647,0.51146144,18,15,23,1,3,8,0,false,0,3770437166
1779837319000,1779837321157,0,73,true,1.0027,1.0027,1.0026,1.0027,18759.3,14649.8,4109.5,4,3,1,1.0027,1.0028,0.0001,1.00275,1.0027688,1.0028644,43514.5,219471.4,459559,91641.1,253813.7,486121.8,459559,486121.8,-0.028088547,0.56187063,-0.083719246,-3.8587427e-9,3.728092e-9,-7.586835e-9,0.48595572,-0.37558514,0.94535774,14649.8,4109.5,10540.3,8833.5,1.0945305,4689.825,9850.2,10540.3,3.6545353,4.2075734,-0.00004986412,0.00011902663,0.000059897393,1.04400215e-7,-0.0004,-0.00004986412,2.6581013e-9,-1,0,0.0001,0.0001,0.0001,7.763981e-9,42377.293,-0.67582417,false,1189.0674,0.7808219,0,-0.00004632,1.003,1.0035193,-0.00051927,119195460,-0.000026642085,1.8082,-0.00004632,2,0,false,0.65572983,0.5114553,19,15,23,1,3,9,4,false,0,1952637124
1779837320000,1779837321166,0,74,true,1.00265,1.00265,1.00265,1.00265,0,0,0,0,0,0,1.0026,1.0027,0.0001,1.00265,1.0026991,1.0027249,53738.2,213553.6,462765.7,115161.6,270266.3,519402.7,462765.7,519402.7,-0.057665262,0,-0.1524857,-3.811588e-9,3.6952503e-9,-7.506839e-9,0.47116736,-0.98281866,0.8909574,0,0,0,8833.5,1.0586442,0,0,0,0,0,-0.00004986661,0.00011092346,0,9.694774e-8,-0.00045,-2.4865545e-9,49866.605,-1,0,0,0.0001,-0,7.763981e-9,42377.293,-0.67582417,false,1189.0674,0.777027,-0,-0.00004632,1.003,1.0035193,-0.00051927,119195460,-0.000026642085,1.8082,-0.00004632,2,0,false,1.1841127,0.5056124,20,15,23,1,3,9,0,false,0,1468912071
1779837321000,1779837322055,0,75,true,1.0027,1.0027,1.0027,1.0027,225.5,0,225.5,1,0,1,1.0026,1.0027,0.0001,1.00265,1.0026985,1.00273,53662.9,212729.9,466969.6,126497.5,282219.6,536342.8,466969.6,536342.8,-0.06914417,-1,-0.16034074,-3.7862473e-9,3.6218804e-9,-7.4081274e-9,0.4654279,-0.9700438,0.8706551,0,225.5,-225.5,8608,1.0567214,225.5,225.5,-225.5,0.9463232,1,0.00004986661,0.00011092385,0,8.700846e-8,-0.00035,0.00009973322,2.2113795e-7,-1,0,0.0001,0.0001,-0.0001,7.941632e-9,44870.625,-0.67582417,false,1167.1682,0.76,-0.0002,-0.00004632,1.003,1.0035193,-0.00051927,119195460,-0.00002618152,1.8082,-0.00004632,2,1,false,1.1749306,0.5056161,21,15,23,1,3,9,1,false,0,2524604995
1779837322000,1779837323087,0,76,true,1.00265,1.00265,1.00265,1.00265,0,0,0,0,0,0,1.0026,1.0027,0.0001,1.00265,1.0026987,1.0027276,53607.1,209596.5,463836.2,126387.4,282208.4,536331.6,463836.2,536331.6,-0.072483234,0,-0.16445121,-3.8174295e-9,3.628715e-9,-7.4461446e-9,0.46375838,-0.9720181,0.86483103,0,0,0,8608,1.0220748,0,0,0,0,0,-0.00004986661,0.00009654862,0,6.463889e-8,-0.0004,-0.00009973322,49866.605,-1,0,0,0.0001,-0.0002,7.941632e-9,32407.08,-0.67582417,false,1167.1682,0.7565789,-0.0002,-0.00004632,1.003,1.0035193,-0.00051927,119195460,-0.00002618152,1.8082,-0.00004632,2,0,false,1.1841127,0.49966568,22,15,23,1,3,9,0,false,0,3475886364
1779837323000,1779837324071,0,77,true,1.0027,1.0027,1.0027,1.0027,48,48,0,1,1,0,1.0026,1.0027,0.0001,1.00265,1.0026933,1.0027188,54403.8,210478.7,464761.8,112275.4,267249.1,521197.5,464761.8,521197.5,-0.05723938,1,-0.15368763,-3.817299e-9,3.6793224e-9,-7.496621e-9,0.47138032,-0.8663231,0.89171916,48,0,48,8656,1.0213511,48,48,48,0.9790953,1,0.00004986661,0.00009459814,0,6.215407e-8,-0.00005,0.00009973322,0.0000010388876,-1,0,0.0001,0.0001,0.0003,7.718948e-9,34900.41,-0.67582417,false,1142.2977,0.74025977,0.0002,-0.00004632,1.003,1.0035193,-0.00051927,119195460,-0.00002618152,1.8082,-0.00004632,2,1,false,1.1934055,0.5042298,23,15,23,1,3,9,1,false,0,2372073957
1779837324000,1779837325097,0,78,true,1.0026,1.0026,1.0026,1.0026,11,0,11,1,0,1,1.0026,1.0027,0.0001,1.00265,1.0026988,1.0027764,35735.2,194057.5,448242.1,120773.9,275619.9,536568.3,448242.1,536568.3,-0.08968853,-1,-0.1851846,-3.9098333e-9,3.6147452e-9,-7.524578e-9,0.45515573,-0.97474766,0.8353869,0,11,-11,8645,1.020651,11,11,-11,0.97976685,1,-0.0000997357,0.0000965499,0,5.967086e-8,-0.0001,-0.0001496023,0.000009066882,-1,0,0.0001,0.0001,-0.0001,7.953127e-9,34900.41,-0.67582417,false,1117.7043,0.7307692,-0.0002,-0.00004632,1.003,1.0035193,-0.00051927,119193290,-0.00004439734,1.8082,-0.00004632,2,0,false,1.1934055,0.5042139,24,15,23,1,3,9,1,false,0,281388939
1779837325000,1779837325991,0,79,true,1.00265,1.00265,1.00265,1.00265,0,0,0,0,0,0,1.0026,1.0027,0.0001,1.00265,1.0026906,1.0027734,37837.3,202286.5,450480.1,117742.4,272731.1,533679.5,450480.1,533679.5,-0.08453853,0,-0.17235866,-3.906247e-9,3.6189012e-9,-7.5251485e-9,0.45773074,-0.8117356,0.8441023,0,0,0,8645,0.987187,0,0,0,0,0,0.000049869093,0.00009125668,0,5.7188647e-8,0.00005,0.00014960479,49869.094,-1,0,0,0.0001,0.0002,7.953127e-9,27422.283,-0.67582417,false,1117.7043,0.7278481,0.0002,-0.00004632,1.003,1.0035193,-0.00051927,119193290,-0.00004439734,1.8082,-0.00004632,2,1,false,1.2028074,0.50868094,25,15,23,1,3,7,0,false,0,1792181455
1779837326000,1779837327089,0,80,true,1.0027,1.0027,1.0027,1.0027,299.2,299.2,0,1,1,0,1.0026,1.0027,0.0001,1.00265,1.0026988,1.0027757,35840.8,200002.1,448220.5,117974.8,272764.3,533712.7,448220.5,533712.7,-0.08706519,1,-0.18065348,-3.9087733e-9,3.621333e-9,-7.530106e-9,0.45646742,-0.97465736,0.8398161,299.2,0,299.2,8944.2,0.9876071,299.2,299.2,299.2,1.0125483,1,0.00004986661,0.00009125709,0,5.719026e-8,-0.00005,-2.4868028e-9,1.6666647e-7,-1,0,0.0001,0.0001,0.0003,8.992171e-9,29915.613,-0.67582417,false,1100.2893,0.7125,0.0002,-0.00004632,1.003,1.0035193,-0.00051927,119193290,-0.000043883098,1.8082,-0.00004632,2,0,false,1.2316391,0.51478803,26,15,23,1,3,9,1,false,0,617063351
1779837327000,1779837328031,0,81,true,1.0027,1.0027,1.0027,1.0027,32.4,32.4,0,1,1,0,1.0025,1.0026,0.0001,1.00255,1.0025903,1.0026449,44658.3,213976,448562.3,113798.9,276627.5,540864.6,448562.3,540864.6,-0.09328865,1,-0.17089283,-3.8867105e-9,3.5616292e-9,-7.4483397e-9,0.45335567,-0.8056416,0.8293431,32.4,0,32.4,8976.6,0.98801345,32.4,32.4,32.4,1.0121319,1,0,0.00009057371,0,5.719026e-8,-0.00005,-0.00004986661,0,-1,0,0.0003,0.0001,0.0001,8.579297e-9,27423.03,-0.67582417,false,1078.0416,0.69135803,-0.0002,-0.00004632,1.003,1.0035193,-0.00051927,119193290,-0.000043883098,1.8082,-0.00004632,2,0,false,1.2316391,0.51478803,27,15,23,1,3,8,1,false,0,3715811250
1779837328000,1779837329081,0,82,true,1.0026,1.0026,1.0026,1.0026,336.4,0,336.4,1,0,1,1.0025,1.0026,0.0001,1.00255,1.0025458,1.002624,49923.8,222087.4,456820.8,92499.6,245608.1,546377.3,456820.8,546377.3,-0.089271,-1,-0.12901765,-3.8437964e-9,3.5570236e-9,-7.40082e-9,0.4553645,0.08266326,0.8360904,0,336.4,-336.4,8640.2,0.9884065,336.4,336.4,-336.4,1.0117295,1,-0.0000997357,0.000093278926,0,5.719026e-8,-0.00015,-0.0000997357,2.964795e-7,-1,0,0.0001,0.0001,0.0001,8.733211e-9,27423.03,-0.67582417,false,1062.9061,0.68292683,0,-0.00004632,1.003,1.0035193,-0.00051927,119193290,-0.000043883098,1.8082,-0.00004632,2,0,false,1.2316391,0.50597334,28,15,23,1,3,9,1,false,0,3856020605
1779837329000,1779837330065,0,83,true,1.0026,1.0026,1.0026,1.0026,221.4,221.4,0,1,1,0,1.0025,1.0026,0.0001,1.00255,1.0025461,1.0026151,51940.6,225501.2,463181.7,91538.1,244897.6,545504.3,463181.7,545504.3,-0.081613705,1,-0.120264634,-3.806087e-9,3.559597e-9,-7.365684e-9,0.45919314,0.07799324,0.849089,221.4,0,221.4,8861.6,0.9887866,221.4,221.4,221.4,1.0113406,1,0,0.0000905759,0,5.719026e-8,-0.0001,0.0000997357,0,-1,0,0.0001,0.0001,-0.0005,8.7415915e-9,27423.03,-0.67582417,false,1046.076,0.67469877,-0.0006,-0.00004632,1.003,1.0035193,-0.00051927,119193370,-0.000043190135,1.8082,-0.00004632,1,1,false,1.2219276,0.513424,29,15,23,1,3,9,1,false,0,683925076
1779837330000,1779837331097,0,84,true,1.00255,1.00255,1.00255,1.00255,0,0,0,0,0,0,1.0025,1.0026,0.0001,1.00255,1.0025544,1.0026188,51128.5,223691.4,461371.9,93591.7,247089.5,549343.9,461371.9,549343.9,-0.08703931,0,-0.1317509,-3.8225325e-9,3.549786e-9,-7.3723183e-9,0.45648035,-0.08788926,0.8398599,0,0,0,8861.6,0.9563674,0,0,0,0,0,-0.00004987158,0.000091259804,0,5.719026e-8,-0.0001,-0.00004987158,49871.582,-1,0,0,0.0001,nan,8.7415915e-9,27423.03,-0.67582417,false,1046.076,0.67261904,nan,-0.00004632,1.003,1.0035193,-0.00051927,119193370,-0.000043190135,1.8082,-0.00004632,2,0,false,1.2316391,0.49825767,30,15,23,1,3,8,0,false,0,2556600777
1779837331000,1779837332015,0,85,true,1.0025,1.0025,1.0025,1.0025,235.1,0,235.1,1,0,1,1.0025,1.0026,0.0001,1.00255,1.0025504,1.0026181,51109.5,223672.4,456159.7,90791.2,244990.3,542287.9,456159.7,542287.9,-0.086262114,-1,-0.12700102,-3.8656447e-9,3.5724623e-9,-7.438107e-9,0.45686895,-0.007320514,0.8411763,0,235.1,-235.1,8626.5,0.95779794,235.1,235.1,-235.1,1.0440615,1,-0.000049874066,0.000091260554,0,5.9677554e-8,-0.0002,-2.4872984e-9,2.1213981e-7,-1,0,0.0001,0.0001,nan,9.476508e-9,29916.732,-0.67582417,false,903.148,0.3764706,nan,-0.00004632,1.003,1.0035193,-0.00051927,119193370,-0.000039533355,1.8082,-0.00004632,2,0,false,1.2316391,0.49219406,31,15,23,1,3,8,1,false,0,4128221979
1779837332000,1779837333039,0,86,true,1.0026,1.0027,1.0026,1.0027,2995.2,2995.2,0,2,2,0,1.0026,1.0027,0.0001,1.00265,1.002624,1.0026649,70570.4,226905.3,478846.3,70020.5,221027,511528.1,478846.3,511528.1,-0.03299944,1,-0.029199753,-3.8210874e-9,3.6051764e-9,-7.426264e-9,0.48350027,0.51994574,0.9361095,2995.2,0,2995.2,11621.7,0.9919685,1497.6,2696,2995.2,2.0161932,4.464286,0.00019948135,0.000101578196,0.000059897393,6.96265e-8,0.00005,0.00024935542,6.660034e-8,-1,0.99999,0.0001,0.0001,nan,1.0584078e-8,29916.732,-0.67582417,false,942.52,0.47674417,nan,-0.00004632,1.003,1.0035193,-0.00051927,119193370,-0.000039533355,1.8082,-0.00004632,2,1,false,1.2712188,0.5044049,32,15,23,1,3,9,2,false,0,3234609052
1779837333000,1779837334065,0,87,true,1.00265,1.00265,1.00265,1.00265,0,0,0,0,0,0,1.0026,1.0027,0.0001,1.00265,1.0026199,1.0026555,74338.3,231895.9,489023.4,67745.3,218756.9,511814.7,489023.4,511814.7,-0.022772215,0,-0.015090739,-3.7635672e-9,3.5869991e-9,-7.3505664e-9,0.4886139,0.6031789,0.9554696,0,0,0,11621.7,0.95944494,0,0,0,0,0,-0.00004986661,0.00007725575,0,6.465798e-8,-0.00005,-0.00024934797,49866.605,-1,0,0,0.0001,nan,1.0584078e-8,14960.106,-0.67582417,false,942.52,0.4770115,nan,-0.00004632,1.003,1.0035193,-0.00051927,119193370,-0.000039533355,1.8082,-0.00004632,1,0,false,1.2812457,0.49696076,33,15,23,1,3,9,0,false,0,4229280484
1779837334000,1779837335055,0,88,true,1.0027,1.0029,1.0027,1.0029,3064.1,3064.1,0,3,3,0,1.0028,1.0029,0.0001,1.00285,1.0028981,1.0029662,45190.6,186529.3,434283.5,101822.8,250653.5,530391.4,434283.5,530391.4,-0.09962724,1,-0.17177477,-4.0068344e-9,3.4681096e-9,-7.474944e-9,0.45018637,-0.9613039,0.8187982,3064.1,0,3064.1,14685.8,1.0263484,1021.36664,2614,3064.1,2.9229841,9.090909,0.00024930818,0.00009461425,0.000119776865,7.21169e-8,0.0003,0.00029917478,8.136424e-8,-1,0.999995,0.0001,0.0001,nan,1.0260969e-8,24932.309,-0.67582417,false,941.954,0.4659091,nan,-0.00004632,1.003,1.0035193,-0.00051927,119193430,-0.000039019924,1.8082,-0.00004632,2,1,false,1.3311486,0.5146231,34,15,23,1,3,9,3,false,0,1806758568
1779837778000,1779837779073,10,1,true,1.00245,1.00245,1.00245,1.00245,0,0,0,0,0,0,1.0024,1.0025,0.0001,1.00245,1.0024526,1.0024881,55042.1,174012.2,441089.3,89392,234251.3,504746.7,441089.3,504746.7,-0.067302786,0,-0.11183036,-4.1059276e-9,3.7493413e-9,-7.855268e-9,0.46634862,-0.05138368,0.8738825,0,0,0,0,0,0,0,0,0,0,0,0,0,0,0,0,0,0,0,0,0.0001,nan,0,0,0,false,0,0,nan,-0.0000452,1.0028,1.003368,-0.00056797,119349820,0,1.8201,-0.0000452,1,1,false,0,0.5,58,22,23,1,3,9,0,false,0,3523235029
1779837779000,1779837780040,10,2,true,1.00245,1.00245,1.00245,1.00245,0,0,0,0,0,0,1.0024,1.0025,0.0001,1.00245,1.0024894,1.0024911,51509.7,170834.5,448520.1,90105.8,234631.1,510159.6,448520.1,510159.6,-0.06429624,0,-0.14136232,-3.9870267e-9,3.7079573e-9,-7.694984e-9,0.46785188,-0.7899941,0.879176,0,0,0,0,0,0,0,0,0,0,0,0,0,0,0,0,0,0,0,0,0.0001,nan,0,0,0,false,0,0,nan,-0.0000452,1.0028,1.003368,-0.00056797,119349820,0,1.8201,-0.0000452,1,1,false,0,0.5,59,22,23,1,3,9,0,false,0,3567591652
1779837780000,1779837781089,10,3,true,1.0024,1.0024,1.0023,1.0023,179,5.5,173.5,3,1,2,1.0022,1.0023,0.0001,1.00225,1.002299,1.0023744,28243,143227.5,406839.7,114667.2,246395.3,522781.1,406839.7,522781.1,-0.12471902,-0.9385475,-0.2070606,-4.196307e-9,3.888693e-9,-8.085e-9,0.4376405,-0.978069,0.7782219,5.5,173.5,-168,-168,0.09836066,59.666668,108.4,-168,30.5,11.764706,-0.00014964459,0,0.00005991532,0,0,-0.00014964459,8.360033e-7,0,-0.99999,0.0001,0.0001,0.0001,0,0,0,false,168,0,0,-0.0000452,1.0028,1.003368,-0.00056797,119349820,0,1.8201,-0.0000452,1,1,false,0,0.5,0,23,23,1,3,10,3,false,0,2479393380
1779837781000,1779837782067,10,4,true,1.0022,1.0022,1.0022,1.0022,36.7,0,36.7,2,0,2,1.002,1.0021,0.0001,1.00205,1.0020797,1.0020726,53190.2,195228.2,478420,78370.6,207380.1,457946.7,478420,457946.7,0.021864617,-1,-0.044541355,-3.8960812e-9,4.2844075e-9,-8.180489e-9,0.5109323,-0.593407,1.0447067,0,36.7,-36.7,-204.7,0.16070949,18.35,28,-36.7,12.444816,3.937008,-0.000099775505,0,0,0,0,0.00004986909,0.0000027186786,0,0,0.0003,0.0001,0.0003,0,0,0,false,102.35,0,0,-0.0000452,1.0028,1.003368,-0.00056797,119349820,0,1.8201,-0.0000452,1,1,false,0.9502707,0.5,1,23,23,1,3,9,2,false,0,1081527443
1779837782000,1779837783022,10,5,true,1.0021,1.0021,1.002,1.002,229.1,0,229.1,2,0,2,1.0021,1.0022,0.0001,1.00215,1.002102,1.0021409,66159.3,191972.1,455389,54986.6,193651,466175.6,455389,466175.6,-0.01170466,-1,0.039122164,-3.9872114e-9,3.9805896e-9,-7.967801e-9,0.49414766,0.9602933,0.97686154,0,229.1,-229.1,-433.8,0.2210141,114.55,125.2,-229.1,9.049196,6.7114096,-0.00019958089,0,0.000059933256,0,0,-0.00009980537,8.711518e-7,0,-0.99999,0.0003,0.0001,0.0007,0,0,0,false,144.6,0,0.0004,-0.0000452,1.0028,1.003368,-0.00056797,119349820,0,1.8201,-0.0000452,1,1,false,1.2770344,0.5,2,23,23,1,3,9,2,false,0,2379338515
1779837783000,1779837784059,10,6,true,1.0021,1.0023,1.0021,1.0023,2147.9,2136.2,11.7,4,3,1,1.0023,1.0024,0.0001,1.00235,1.0023979,1.00247,35274.9,154814.3,407975.1,90917.9,222792.1,505063.3,407975.1,505063.3,-0.10633529,0.98910564,-0.17946456,-4.379241e-9,3.7563512e-9,-8.135592e-9,0.44683236,-0.9576005,0.80777025,2136.2,11.7,2124.5,1690.7,0.34491527,536.975,1041.9,2124.5,11.597051,3.253796,0.00029935638,0,0.00011984858,0,0,0.00049893727,1.3937166e-7,0,0.999995,0.0001,0.0001,0.0001,1.5761356e-7,0,0,false,639.575,0,0,-0.0000452,1.0028,1.003368,-0.00056797,119349820,0,1.8201,-0.0000452,1,1,false,0.8855743,0.5,3,23,23,1,3,9,4,false,0,1469480477
1779837784000,1779837785049,10,7,true,1.00235,1.00235,1.00235,1.00235,0,0,0,0,0,0,1.0023,1.0024,0.0001,1.00235,1.0023862,1.0024534,34997.5,160079.5,416086.2,84310,229524.9,511981.3,416086.2,511981.3,-0.10332772,0,-0.16018274,-4.2749537e-9,3.678097e-9,-7.953051e-9,0.44833615,-0.724903,0.81269807,0,0,0,1690.7,0.33360657,0,0,0,0,0,0.00004988402,0,0,0,0,-0.00024947236,49884.02,0,0,0,0.0001,0.0002,1.5761356e-7,0,0,false,639.575,0,0.0002,-0.0000452,1.0028,1.003368,-0.00056797,119349820,0,1.8201,-0.0000452,1,1,false,1.036199,0.5,4,23,23,1,3,9,0,false,0,4037149171
1779837785000,1779837785997,10,8,true,1.00235,1.00235,1.00235,1.00235,0,0,0,0,0,0,1.0023,1.0024,0.0001,1.00235,1.0023868,1.0024732,34914,161576.1,417575.6,92098.7,218660.5,501110.9,417575.6,501110.9,-0.09092906,0,-0.1560203,-4.258557e-9,3.796524e-9,-8.055081e-9,0.45453548,-0.73698765,0.83329976,0,0,0,1690.7,0.32266864,0,0,0,0,0,0,0,0,0,0,-0.00004988402,0,0,0,0,0.0001,nan,1.5761356e-7,0,0,false,639.575,0,nan,-0.0000452,1.0028,1.003368,-0.00056797,119349820,0,1.8201,-0.0000452,1,1,false,1.036199,0.5,5,23,23,1,3,8,0,false,0,90921061
1779837786000,1779837787065,10,9,true,1.00235,1.00235,1.00235,1.00235,0,0,0,0,0,0,1.0023,1.0024,0.0001,1.00235,1.0023619,1.002459,38752.4,165359,421397.4,85716.4,213395.4,498164,421397.4,498164,-0.08348176,0,-0.12618431,-4.25419e-9,3.7818175e-9,-8.036007e-9,0.45825914,-0.2381473,0.84590095,0,0,0,1690.7,0.31208935,0,0,0,0,0,0,0,0,0,0,0,0,0,0,0,0.0001,nan,1.5761356e-7,0,0,false,639.575,0,nan,-0.0000452,1.0028,1.003368,-0.00056797,119349820,0,1.8201,-0.0000452,1,1,false,1.036199,0.5,6,23,23,1,3,9,0,false,0,4060232069
1779837787000,1779837788061,10,10,true,1.00235,1.00235,1.00235,1.00235,0,0,0,0,0,0,1.0023,1.0024,0.0001,1.00235,1.0023623,1.0024598,38352,164481.4,420510.9,85774.9,212406.9,497166.6,420510.9,497166.6,-0.08353229,0,-0.12731555,-4.2595723e-9,3.7912247e-9,-8.050797e-9,0.45823386,-0.24610803,0.8458149,0,0,0,1690.7,0.3018569,0,0,0,0,0,0,0,0,0,0,0,0,0,0,0,0.0001,nan,1.5761356e-7,0,0,false,639.575,0.8,nan,-0.0000452,1.0028,1.003368,-0.00056797,119349656,0,1.8201,-0.0000452,1,1,false,1.036199,0.5,7,23,23,1,3,8,0,false,0,4056750041
1779837788000,1779837789081,10,11,true,1.0023,1.0023,1.0023,1.0023,1693.3,0,1693.3,1,0,1,1.0022,1.0023,0.0001,1.00225,1.0022962,1.0024081,25662.2,135018,392407.6,115894.9,237586.6,496360.9,392407.6,496360.9,-0.116963305,-1,-0.19674362,-4.3269353e-9,4.0092107e-9,-8.336146e-9,0.44151834,-0.92358947,0.7905691,0,1693.3,-1693.3,-2.6,0.32474685,1693.3,1693.3,-1693.3,3.0793216,1,-0.00004988402,0,0,0,-0.00015,-0.00004988402,2.9459647e-8,0,0,0.0001,0.0001,-0.0007,5.04725e-8,0,0,false,850.32,1,-0.0008,-0.0000452,1.0028,1.003368,-0.00056797,119349656,0,1.8201,-0.0000452,1,1,false,0.8876944,0.5,8,23,23,1,3,8,1,false,0,2203632214
1779837789000,1779837790035,10,12,true,1.00225,1.00225,1.00225,1.00225,0,0,0,0,0,0,1.0022,1.0023,0.0001,1.00225,1.0022988,1.0024097,25381.4,134509.6,386486,117111.4,240648.9,499459.2,386486,499459.2,-0.12751715,0,-0.20744798,-4.408834e-9,3.9839874e-9,-8.3928215e-9,0.43624142,-0.97686917,0.77380896,0,0,0,-2.6,0.3140994,0,0,0,0,0,-0.00004988651,0,0,0,-0.0002,-2.4885396e-9,49886.508,0,0,0,0.0001,-0.0006,5.04725e-8,0,0,false,850.32,0.9583333,-0.0006,-0.0000452,1.0028,1.003368,-0.00056797,119349656,0,1.8201,-0.0000452,1,1,false,0.8876944,0.5,9,23,23,1,3,8,0,false,0,2674562567
1779837790000,1779837791013,10,13,true,1.0022,1.0022,1.0018,1.0018,19924.2,0,19924.2,5,0,5,1.002,1.0021,0.0001,1.00205,1.0020412,1.0021092,52695.1,175406.8,425409.7,76823.2,202428.1,461924.3,425409.7,461924.3,-0.04115091,-1,-0.038684297,-4.2957597e-9,4.194581e-9,-8.490341e-9,0.47942454,0.17634518,0.9209511,0,19924.2,-19924.2,-19926.8,0.4677355,3984.84,8597.8,-19924.2,10.689802,1000000000,-0.00044909058,0,0.000239745,0,-0.0005,-0.0003992041,2.2539956e-8,0,-0.9999975,0.0005,0.0001,0.0001,1.3077177e-8,0,0,false,4029.3,1,-0.0004,-0.0000452,1.0028,1.003368,-0.00056797,119349656,0,1.8201,-0.0000452,1,1,false,0.8717816,0.5,10,23,23,1,3,9,5,false,0,4092286587
1779837791000,1779837792095,10,14,true,1.002,1.002,1.002,1.002,5.3,0,5.3,1,0,1,1.002,1.0021,0.0001,1.00205,1.0020577,1.0021219,48948.1,173868.7,423827.4,78915.6,204628.6,457683,423827.4,457683,-0.038406353,-1,-0.043685667,-4.2735673e-9,4.2797126e-9,-8.55328e-9,0.4807968,-0.15380609,0.92602825,0,5.3,-5.3,-19932.1,0.4851868,5.3,5.3,-5.3,2.0610619,1,0.00019962073,0,0,0,-0.0002,0.00064871134,0.000037664286,0,0,0.0001,0.0001,-0.0005,1.5299875e-8,0,0,false,3454.4429,0.9285714,-0.0006,-0.0000452,1.0028,1.003368,-0.00056797,119349656,0,1.8201,-0.0000452,1,1,false,1.2110442,0.5,11,23,23,1,3,9,1,false,0,1123757803
1779837792000,1779837793037,10,15,true,1.002,1.002,1.002,1.002,74.8,0,74.8,2,0,2,1.0019,1.002,0.0001,1.00195,1.0019808,1.002055,37604.9,165527.9,415201.5,89851.7,207343.7,449082.6,415201.5,449082.6,-0.039201345,-1,-0.108025,-4.2535953e-9,4.2620494e-9,-8.515645e-9,0.48039934,-0.61562014,0.9245549,0,74.8,-74.8,-20006.9,0.5348528,37.4,40,-74.8,3.7393465,3.7593985,0,0,0,0,0,-0.00019962073,0,0,0,0.0001,0.0001,-0.0005,1.540713e-8,0,0,false,3031.9875,0.8666667,-0.0006,-0.0000452,1.0028,1.003368,-0.00056797,119349656,0,1.8201,-0.0000452,1,1,false,1.1648215,0.5,12,23,23,1,3,8,2,false,0,3702312235
1779837793000,1779837794063,10,16,true,1.0019,1.0019,1.0019,1.0019,22.2,0,22.2,1,0,1,1.0019,1.002,0.0001,1.00195,1.0019816,1.0020633,36849.5,167189.2,416862.8,98240.4,215116.7,456345.8,416862.8,456345.8,-0.045216,-1,-0.11317896,-4.2246646e-9,4.236899e-9,-8.461563e-9,0.477392,-0.6322486,0.9134801,0,22.2,-22.2,-20029.1,0.55010355,22.2,22.2,-22.2,1.8178396,1,-0.00009980538,0,0,0,-0.0004,-0.00009980538,0.000004495738,0,0,0.0001,0.0001,-0.0005,1.4631093e-8,0,0,false,2697.5667,0.8125,-0.0006,-0.0000452,1.0028,1.003368,-0.00056797,119348360,0,1.8201,-0.0000452,1,1,false,1.1412266,0.5,13,23,23,1,3,9,1,false,0,976486796
1779837794000,1779837795083,10,17,true,1.00195,1.00195,1.00195,1.00195,0,0,0,0,0,0,1.0019,1.002,0.0001,1.00195,1.0019989,1.0020617,35806.9,165722.5,415396.1,98419.5,216218.5,459103.9,415396.1,459103.9,-0.04998033,0,-0.12788162,-4.2250115e-9,4.226042e-9,-8.451054e-9,0.47500983,-0.9778759,0.9047976,0,0,0,-20029.1,0.53206736,0,0,0,0,0,0.000049903934,0,0,0,-0.0004,0.00014970932,49903.934,0,0,0,0.0001,0.0008,1.4631093e-8,0,0,false,2697.5667,0.7941176,0.0008,-0.0000452,1.0028,1.003368,-0.00056797,119348360,0,1.8201,-0.0000452,1,1,false,1.1412266,0.5,14,23,23,1,3,9,0,false,0,456279730
1779837795000,1779837796097,10,18,true,1.0019,1.0019,1.0019,1.0019,29.2,0,29.2,1,0,1,1.0018,1.0019,0.0001,1.00185,1.0018963,1.002007,27252.6,142272.3,405666.3,108595.3,220802.4,486506.9,405666.3,486506.9,-0.090610884,-1,-0.15676986,-4.3381765e-9,4.1493817e-9,-8.487558e-9,0.45469457,-0.9260524,0.83383465,0,29.2,-29.2,-20058.3,0.5474094,29.2,29.2,-29.2,1.8267863,1,-0.000049903934,0,0,0,-0.00045,-0.00009980787,0.0000017090389,0,0,0.0001,0.0001,-0.0007,1.4714534e-8,0,0,false,2430.73,0.7222222,-0.0008,-0.0000452,1.0028,1.003368,-0.00056797,119348360,0,1.8201,-0.0000452,1,1,false,1.117804,0.5,15,23,23,1,3,9,1,false,0,4208506364
1779837796000,1779837797051,10,19,true,1.0018,1.0018,1.0017,1.0017,63.9,0,63.9,2,0,2,1.0017,1.0018,0.0001,1.00175,1.0017751,1.0018567,35376,170380.4,451615.7,86206.5,216623.3,462103.9,451615.7,462103.9,-0.011478576,-1,-0.0860162,-4.0979686e-9,4.2542427e-9,-8.352211e-9,0.4942607,-0.5026571,0.9773034,0,63.9,-63.9,-20122.2,0.5950353,31.95,53.3,-63.9,3.361145,6.289308,-0.00019964065,0,0.000059951206,0,-0.00065,-0.00014973672,0.0000031242669,0,-0.99999,0.0001,0.0001,-0.0003,1.3474928e-8,0,0,false,2215.5637,0.68421054,-0.0004,-0.0000452,1.0028,1.003368,-0.00056797,119348360,0,1.8201,-0.0000452,1,1,false,1.0722553,0.5,16,23,23,1,3,9,2,false,0,2429090864
1779837797000,1779837798071,10,20,true,1.0018,1.0018,1.0017,1.0017,345.9,332.4,13.5,2,1,1,1.0017,1.0018,0.0001,1.00175,1.0017508,1.0018404,41272.5,176309.7,457361.8,78859.6,209121.1,454577.7,457361.8,454577.7,0.0030529439,0.9219428,-0.037837107,-4.0875396e-9,4.2778745e-9,-8.365414e-9,0.5015265,-0.017649282,1.0061246,332.4,13.5,318.9,-19803.3,0.64109975,172.95,332.4,318.9,3.1196394,4.032258,0,0.00015257622,0.000059951206,2.4149688e-7,-0.00065,0.00019964065,0,-1,-0.99999,0.0001,0.0001,0.0003,1.4003255e-8,0,0,false,2057.5083,0.65,0.0002,-0.0000452,1.0028,1.003368,-0.00056797,119360930,0,1.8201,-0.0000452,1,1,false,1.0291048,0.5,17,23,23,1,3,9,2,false,0,211834862
1779837798000,1779837799109,10,21,true,1.0017,1.0017,1.0017,1.0017,13.6,0,13.6,2,0,2,1.0016,1.0017,0.0001,1.00165,1.0016985,1.0017363,38255.1,176913.8,458150.7,86387.3,212501.2,421511.3,458150.7,421511.3,0.04165168,-1,-0.020230679,-4.0729304e-9,4.600776e-9,-8.673706e-9,0.52082586,-0.9700766,1.0869238,0,13.6,-13.6,-19816.9,0.68565387,6.8,8.2,-13.6,2.9169238,3.6101084,0,0.00015257622,0,2.4149688e-7,-0.0006,0,0,-1,0,0.0001,0.0001,-0.0003,1.4201542e-8,34926.156,0,false,1900.2847,0.61904764,-0.0004,-0.0000452,1.0028,1.003368,-0.00056797,119360930,0,1.8201,-0.0000452,1,0,false,0.98866683,0.5,18,23,23,1,3,8,2,false,0,379439175
1779837799000,1779837800046,10,22,true,1.0017,1.0017,1.0016,1.0016,206.2,0,206.2,2,0,2,1.0015,1.0016,0.0001,1.00155,1.0015861,1.0017109,34304.3,171235.2,474152.4,117131.8,245169.5,480517.2,474152.4,480517.2,-0.0066670184,-1,-0.088615485,-3.6664236e-9,3.9872265e-9,-7.65365e-9,0.4966665,-0.72233033,0.9867543,0,206.2,-206.2,-20023.1,0.7287472,103.1,107.6,-206.2,2.744436,10.638298,-0.00009983527,0.0001542007,0.00005995719,2.4149688e-7,-0.00065,-0.00009983527,4.841672e-7,-1,-0.99999,0.0001,0.0001,-0.0001,1.3897675e-8,34926.156,0,false,1779.2786,0.59090906,-0.0002,-0.0000452,1.0028,1.003368,-0.00056797,119360930,0,1.8201,-0.0000452,1,0,false,0.95096374,0.5,19,23,23,1,3,9,2,false,0,3473315603
1779837800000,1779837801065,10,23,true,1.0015,1.0016,1.0015,1.0016,337.9,332.4,5.5,2,1,1,1.0015,1.0016,0.0001,1.00155,1.0015879,1.001696,36594.3,172501,475955.2,116949,245128.2,483478,475955.2,483478,-0.007840879,0.96744597,-0.0924794,-3.6560301e-9,3.975282e-9,-7.6313125e-9,0.49607956,-0.7562633,0.98444027,332.4,5.5,326.9,-19696.2,0.7704276,168.95,332.4,326.9,2.595961,3.9840636,0,0.00015052635,0.00005996318,2.2656602e-7,-0.0002,0.00009983527,0,-1,0.99999,0.0001,0.0001,0.0001,1.4664614e-8,27443.928,0,false,1682.4534,0.5652174,0,-0.0000452,1.0028,1.003368,-0.00056797,119360930,0,1.8201,-0.0000452,1,1,false,0.9158829,0.5,20,23,23,1,3,9,2,false,0,3934705385
1779837801000,1779837801996,10,24,true,1.00155,1.00155,1.00155,1.00155,0,0,0,0,0,0,1.0015,1.0016,0.0001,1.00155,1.0015898,1.0017099,35616.7,172918.3,477638,122893.1,247304.1,484901.7,477638,484901.7,-0.00754639,0,-0.091625325,-3.6361913e-9,3.977155e-9,-7.613346e-9,0.49622682,-0.7950703,0.9850203,0,0,0,-19696.2,0.7451677,0,0,0,0,0,-0.000049921375,0.00014928171,0,2.0665274e-7,-0.00045,-0.000049921375,49921.375,-1,0,0,0.0001,-0,1.4664614e-8,27443.928,0,false,1682.4534,0.5625,-0,-0.0000452,1.0028,1.003368,-0.00056797,119360930,0,1.8201,-0.0000452,1,0,false,0.9158829,0.5,21,23,23,1,3,8,0,false,0,1854618955
1779837802000,1779837803081,10,25,true,1.00155,1.00155,1.00155,1.00155,0,0,0,0,0,0,1.0015,1.0016,0.0001,1.00155,1.0015885,1.0017105,35420.1,173693,473424.9,122998.6,247210.2,479892,473424.9,479892,-0.006783788,0,-0.08863334,-3.675522e-9,4.0297827e-9,-7.705305e-9,0.4966081,-0.76826286,0.98652387,0,0,0,-19696.2,0.7207359,0,0,0,0,0,0,0.00014245491,0,1.4690693e-7,-0.00045,0.000049921375,0,-1,0,0,0.0001,nan,1.4664614e-8,27443.928,0,false,1682.4534,0.56,nan,-0.0000452,1.0028,1.003368,-0.00056797,119360680,0,1.8201,-0.0000452,1,1,false,0.9158829,0.5,22,23,23,1,3,10,0,false,0,1595355515
1779837803000,1779837804005,10,26,true,1.0016,1.0016,1.0016,1.0016,12,12,0,1,1,0,1.0015,1.0016,0.0001,1.00155,1.0015893,1.001711,35320.3,173394.1,473078.6,123168.3,248047,481183.3,473078.6,481183.3,-0.008493161,1,-0.090490036,-3.6729628e-9,4.007688e-9,-7.680651e-9,0.4957534,-0.7848651,0.98315674,12,0,12,-19684.2,0.72989213,12,12,12,1.3700655,1,0.000049921375,0.00012624302,0,1.3197383e-7,-0.0003,0.000049921375,0.0000041601147,-1,0,0.0001,0.0001,0.0005,1.5192919e-8,29939.996,0,false,1578.05,0.5,0.0004,-0.0000452,1.0028,1.003368,-0.00056797,119360680,0,1.8201,-0.0000452,1,1,false,0.89927334,0.5,23,23,23,1,3,8,1,false,0,3991816322
1779837804000,1779837805020,10,27,true,1.00155,1.00155,1.00155,1.00155,0,0,0,0,0,0,1.0015,1.0016,0.0001,1.00155,1.001589,1.0017116,35064.7,171924,476602.2,123631.1,250048.9,480506.3,476602.2,480506.3,-0.004079057,0,-0.086080424,-3.6407009e-9,4.0290526e-9,-7.669753e-9,0.49796048,-0.77987665,0.99187505,0,0,0,-19684.2,0.7059612,0,0,0,0,0,-0.000049921375,0.00012624376,0,1.3446598e-7,-0.0004,-0.00009984275,49921.375,-1,0,0,0.0001,-0.0004,1.5192919e-8,29939.996,0,false,1578.05,0.5,-0.0004,-0.0000452,1.0028,1.003368,-0.00056797,119360680,0,1.8201,-0.0000452,1,0,false,0.89927334,0.5,24,23,23,1,3,9,0,false,0,2796592780
1779837805000,1779837806051,10,28,true,1.0015,1.0015,1.0015,1.0015,5.3,0,5.3,1,0,1,1.0015,1.0016,0.0001,1.00155,1.0015905,1.0017083,34955.8,171715.4,472831.9,124526.6,250195.8,481397.2,472831.9,481397.2,-0.008976147,-1,-0.08824046,-3.6633458e-9,4.039015e-9,-7.7023605e-9,0.49551192,-0.8098291,0.9822074,0,5.3,-5.3,-19689.5,0.71560186,5.3,5.3,-5.3,1.397425,1,-0.000049923867,0.00012673636,0,1.3695823e-7,-0.0004,-2.4922677e-9,0.0000094195975,-1,0,0.0001,0.0001,0.0001,1.4663514e-8,32436.19,0,false,1485.5353,0.4642857,0,-0.0000452,1.0028,1.003368,-0.00056797,119360680,0,1.8201,-0.0000452,1,0,false,0.88325304,0.5,25,23,23,1,3,8,1,false,0,1965507194
1779837806000,1779837807017,10,29,true,1.0016,1.0016,1.0016,1.0016,332.4,332.4,0,1,1,0,1.0015,1.0016,0.0001,1.00155,1.0015899,1.0017105,35126.8,171160.1,472567,127738.4,253413.5,487094.1,472567,487094.1,-0.0151377395,1,-0.09260245,-3.6654408e-9,3.994796e-9,-7.660237e-9,0.49243113,-0.7974603,0.970176,332.4,0,332.4,-19357.1,0.7249264,332.4,332.4,332.4,1.3794504,1,0.00009984524,0.00012868783,0,1.419429e-7,-0.0001,0.00014976911,3.0037677e-7,-1,0,0.0001,0.0001,0.0003,1.5869732e-8,32436.19,0,false,1421.4722,0.44827586,0.0002,-0.0000452,1.0028,1.003368,-0.00056797,119360680,0,1.8201,-0.0000452,1,1,false,0.86779785,0.5,26,23,23,1,3,9,1,false,0,3148631615
1779837807000,1779837808080,10,30,true,1.0015,1.0015,1.0011,1.0013,3144.7,204,2940.7,7,2,5,1.0013,1.0014,0.0001,1.00135,1.0013012,1.0014333,55063.9,183219.6,444881.6,83051.6,206505,434845.7,444881.6,434845.7,0.011407967,-0.8702579,0.05299501,-3.9071044e-9,4.2900608e-9,-8.197166e-9,0.505704,0.9761135,1.0230793,204,2940.7,-2736.7,-22093.8,0.9306665,449.24286,1150.8,-2736.7,7.521491,10.84991,-0.00029956564,0.00014507769,0.0002399126,1.718531e-7,-0.0004,-0.00039941087,9.526048e-8,-1,-0.49999875,0.0001,0.0001,0.0001,1.4380003e-8,32436.19,0,false,1490.6947,0.5,0,-0.0000448,1.0016,1.0022798,-0.00067974,119360770,0,1.8201,-0.0000448,1,0,false,0.9964256,0.5,27,23,23,1,3,10,7,false,0,3295915512
1779837808000,1779837809029,10,31,true,1.0013,1.0013,1.0013,1.0013,24.5,24.5,0,1,1,0,1.0013,1.0014,0.0001,1.00135,1.0013666,1.001457,48428.7,167187.6,430143.8,106576.1,244234.9,465587.7,430143.8,465587.7,-0.03956978,1,-0.07501059,-3.9728647e-9,4.099759e-9,-8.0726235e-9,0.4802151,-0.33183265,0.92387277,24.5,0,24.5,-22069.3,0.9329397,24.5,24.5,24.5,1.0718806,1,0,0.00014464825,0,1.6936457e-7,-0.0004,0.00029956564,0,-1,0,0.0001,0.0001,0.0001,1.4533734e-8,29941.988,0,false,1417.385,0.41935483,0,-0.0000448,1.0016,1.0022798,-0.00067974,119360770,0,1.8201,-0.0000448,1,1,false,0.9906294,0.5,28,23,23,1,3,9,1,false,0,3122389545
1779837809000,1779837810041,10,32,true,1.00135,1.00135,1.00135,1.00135,0,0,0,0,0,0,1.0013,1.0014,0.0001,1.00135,1.0013688,1.0014608,46537.1,166626.6,430537.5,106731,244239,465435.6,430537.5,465435.6,-0.03894994,0,-0.077286035,-3.964955e-9,4.103381e-9,-8.068336e-9,0.48052502,-0.37521657,0.9250206,0,0,0,-22069.3,0.90235156,0,0,0,0,0,0.00004993384,0.00014464906,0,1.46961e-7,-0.00025,0.00004993384,49933.836,-1,0,0,0.0001,0.0002,1.4533734e-8,29941.988,0,false,1417.385,0.421875,0.0002,-0.0000448,1.0016,1.0022798,-0.00067974,119360770,0,1.8201,-0.0000448,1,1,false,0.9906294,0.5,29,23,23,1,3,9,0,false,0,3309224514
1779837810000,1779837810995,10,33,true,1.0014,1.0016,1.0014,1.0016,1959.9,1959.9,0,3,3,0,1.0015,1.0016,0.0001,1.00155,1.0015963,1.0016419,47374.7,156821.3,430157,95228.8,225025.3,459088.1,430157,459088.1,-0.03253445,1,-0.097797595,-4.091313e-9,4.147218e-9,-8.238531e-9,0.4837328,-0.92662007,0.9369814,1959.9,0,1959.9,-20109.4,0.9711269,653.3,975.7,1959.9,3.0891945,199.99995,0.0002496318,0.00011813143,0.000119932345,6.977829e-8,0,0.00019969796,1.2736966e-7,-1,0.999995,0.0001,0.0001,0.0005,1.3335412e-7,19969.049,0,false,1443.219,0.4848485,0.0004,-0.0000448,1.0016,1.0022798,-0.00067974,119360770,0,1.8201,-0.0000448,1,1,false,1.0709531,0.5,30,23,23,1,3,9,3,false,0,3963413201
1779837811000,1779837812094,10,34,true,1.0015,1.0015,1.0015,1.0015,20.1,0,20.1,1,0,1,1.0014,1.0015,0.0001,1.00145,1.0014734,1.0014518,60467.5,168659.4,441417.4,71555.2,209796.2,460114,441417.4,460114,-0.020738712,-1,-0.053401466,-3.998169e-9,4.1829913e-9,-8.181161e-9,0.48963064,-0.46848693,0.9593653,0,20.1,-20.1,-20129.5,0.97207355,20.1,20.1,-20.1,1.0287287,1,-0.00009984524,0.00011162915,0,9.4702834e-8,-0.00005,-0.00034947702,0.000004967425,-1,0,0.0001,0.0001,-0.0003,1.3354506e-7,19969.049,0,false,1378.5319,0.38235295,-0.0004,-0.0000448,1.0016,1.0022798,-0.00067974,119360770,0,1.8201,-0.0000448,1,0,false,0.99947566,0.5,31,23,23,1,3,10,1,false,0,913627605
1779837812000,1779837813041,10,35,true,1.0014,1.0014,1.0014,1.0014,148.9,0,148.9,1,0,1,1.0013,1.0014,0.0001,1.00135,1.0013983,1.0014805,30487.3,150948.4,419660.9,104046.1,230974.6,482916,419660.9,482916,-0.07008278,-1,-0.13576905,-3.989217e-9,4.090411e-9,-8.0796285e-9,0.4649586,-0.96744853,0.86901426,0,148.9,-148.9,-20278.4,0.9729892,148.9,148.9,-148.9,1.0277606,1,-0.00009985521,0.00011384033,0,1.046729e-7,-0.00015,-9.970067e-9,6.706193e-7,-1,0,0.0001,0.0001,-0.0001,1.3551029e-7,19969.049,0,false,1325.0696,0.37142858,-0.0002,-0.0000448,1.0016,1.0022798,-0.00067974,119360770,0,1.8201,-0.0000448,1,0,false,0.99004036,0.5,32,23,23,1,3,9,1,false,0,297587615
1779837813000,1779837814067,10,36,true,1.0013,1.0013,1.0013,1.0013,120.7,0,120.7,1,0,1,1.0012,1.0013,0.0001,1.00125,1.0012845,1.0013545,43462.3,171320.9,431533.4,101165.9,229567.6,470172.2,431533.4,470172.2,-0.042850792,-1,-0.096727945,-3.9366297e-9,4.1274277e-9,-8.064058e-9,0.4785746,-0.6890134,0.9178199,0,120.7,-120.7,-20399.1,0.9738748,120.7,120.7,-120.7,1.026826,1,-0.00009986518,0.00011384295,0,1.0966428e-7,-0.0003,-9.972059e-9,8.273835e-7,-1,0,0.0001,0.0001,0.0001,1.3710039e-7,19969.049,0,false,1274.8875,0.3611111,0,-0.0000448,1.0016,1.0022798,-0.00067974,119359250,0,1.8201,-0.0000448,1,0,false,0.9806863,0.5,33,23,23,1,3,9,1,false,0,917819215
1779837814000,1779837815034,10,37,true,1.0013,1.0013,1.0013,1.0013,332.5,332.5,0,1,1,0,1.0012,1.0013,0.0001,1.00125,1.0012008,1.0013214,57339,198086.8,457153.3,78131,202281.9,465114.8,457153.3,465114.8,-0.008632522,1,0.03103213,-3.8080348e-9,4.0872656e-9,-7.8953e-9,0.49568373,0.9841373,0.98288274,332.5,0,332.5,-20066.6,0.9747313,332.5,332.5,332.5,1.0259237,1,0,0.00011329474,0,1.07173875e-7,-0.00025,0.00009986518,0,-1,0,0.0001,0.0001,-0.0001,1.3518157e-7,19969.049,0,false,1237.192,0.35135135,-0.0002,-0.0000448,1.0016,1.0022798,-0.00067974,119359250,0,1.8201,-0.0000448,1,1,false,0.9714249,0.5,34,23,23,1,3,8,1,false,0,3130868282
1779837815000,1779837816041,10,38,true,1.0013,1.0013,1.0013,1.0013,84.5,84.5,0,1,1,0,1.0013,1.0014,0.0001,1.00135,1.0013132,1.0014272,53486.5,191515.3,460863.9,76234.5,206355.4,462638,460863.9,462638,-0.0019210572,1,0.021235961,-3.754355e-9,4.0515276e-9,-7.805882e-9,0.49903947,0.73631203,0.9961653,84.5,0,84.5,-19982.1,0.97555983,84.5,84.5,84.5,1.0250524,1,0,0.00011274386,0,9.721102e-8,-0.0002,0,0,-1,0,0.0001,0.0001,-0.0001,1.3549408e-7,17473.852,0,false,1192.8577,0.34210527,-0.0002,-0.0000448,1.0016,1.0022798,-0.00067974,119359250,0,1.8201,-0.0000448,1,0,false,0.9622651,0.5,35,23,23,1,3,9,1,false,0,2671724707
1779837816000,1779837817031,10,39,true,1.00135,1.00135,1.00135,1.00135,0,0,0,0,0,0,1.0013,1.0014,0.0001,1.00135,1.0013156,1.0014225,53461,186367.7,455517.2,75985.8,201893.1,455882.1,455517.2,455882.1,-0.00040037336,0,0.023555169,-3.804846e-9,4.090142e-9,-7.894988e-9,0.49979982,0.6888331,0.99919957,0,0,0,-19982.1,0.94357425,0,0,0,0,0,0.00004993384,0.00010412986,0,9.721102e-8,-0.00025,0.00004993384,49933.836,-1,0,0,0.0001,0,1.3549408e-7,17473.852,0,false,1192.8577,0.34615386,0,-0.0000448,1.0016,1.0022798,-0.00067974,119359250,0,1.8201,-0.0000448,1,1,false,0.9622651,0.5,36,23,23,1,3,8,0,false,0,163948525
1779837817000,1779837818000,10,40,true,1.0013,1.0014,1.0013,1.0014,206.7,142.5,64.2,2,1,1,1.0013,1.0014,0.0001,1.00135,1.0013124,1.0014228,54096.9,186567.4,455886.9,75551.6,201458.9,456273.7,455886.9,456273.7,-0.00042404814,0.37880987,0.023056021,-3.8080517e-9,4.0833465e-9,-7.891399e-9,0.499788,0.75140697,0.99915224,142.5,64.2,78.3,-19903.8,0.97821116,103.35,142.5,78.3,2.0445483,1.1037527,0.000049931343,0.000104726714,0.000059975155,9.970429e-8,0.0001,-2.4932634e-9,2.4156432e-7,-1,0.99999,0.0001,0.0001,-0.0001,1.3668524e-7,19970.418,0,false,1151.5778,0.325,-0.0002,-0.0000448,1.0016,1.0022798,-0.00067974,119359250,0,1.8201,-0.0000448,1,0,false,0.94427806,0.5,37,23,23,1,3,7,2,false,0,1511307685
1779837818000,1779837818999,10,41,true,1.0014,1.0014,1.0014,1.0014,864.8,864.8,0,1,1,0,1.0013,1.0014,0.0001,1.00135,1.0013078,1.0014205,55036.1,186490,455809.5,73297.5,199204.8,454019.6,455809.5,454019.6,0.0019672925,1,0.041887857,-3.8284216e-9,4.086557e-9,-7.914978e-9,0.50098366,0.84397775,1.0039424,864.8,0,864.8,-19039,0.9789256,864.8,864.8,864.8,1.0215281,1,0,0.000104726714,0,9.970429e-8,0.0001,-0.000049931343,0,-1,0,0.0001,0.0001,-0.0003,1.167625e-7,19970.418,0,false,1141.3357,0.31707317,-0.0004,-0.0000448,1.0016,1.0022798,-0.00067974,119359224,0,1.8201,-0.0000448,1,0,false,1.0190074,0.5,38,23,23,1,3,9,1,false,0,2685259039
1779837819000,1779837820002,10,42,true,1.00135,1.00135,1.00135,1.00135,0,0,0,0,0,0,1.0013,1.0014,0.0001,1.00135,1.0013157,1.0014195,54849.8,186303.7,455622.7,74181.2,200088.5,445387.2,455622.7,445387.2,0.011360031,0,0.039157998,-3.829745e-9,4.152327e-9,-7.982072e-9,0.50568,0.6848963,1.0229812,0,0,0,-19039,0.9468296,0,0,0,0,0,-0.000049931343,0.00010292709,0,9.970429e-8,0,-0.000049931343,49931.344,-1,0,0,0.0001,0.0006,1.167625e-7,19970.418,0,false,1141.3357,0.32142857,0.0006,-0.0000448,1.0016,1.0022798,-0.00067974,119359224,0,1.8201,-0.0000448,1,0,false,1.0190074,0.5,39,23,23,1,3,8,0,false,0,2357006229
1779837820000,1779837821057,10,43,true,1.0013,1.0013,1.0013,1.0013,80,0,80,1,0,1,1.0013,1.0014,0.0001,1.00135,1.0013182,1.0014216,53612.8,185395.5,454726.8,74520.6,200433.9,445838.3,454726.8,445838.3,0.009869914,-1,0.036001306,-3.8279784e-9,4.149208e-9,-7.977187e-9,0.50493497,0.6360139,1.0199366,0,80,-80,-19119,0.94857293,80,80,-80,1.0542152,1,-0.00004993384,0.00010353095,0,1.02197546e-7,-0.0003,-2.4932634e-9,6.2417297e-7,-1,0,0.0001,0.0001,0.0007,1.1759954e-7,22467.111,0,false,1104.7379,0.30232558,0.0006,-0.0000448,1.0016,1.0022798,-0.00067974,119359224,0,1.8201,-0.0000448,1,0,false,1.0093287,0.5,40,23,23,1,3,6,1,false,0,3311812755
1779837821000,1779837822077,10,44,true,1.00135,1.00135,1.00135,1.00135,0,0,0,0,0,0,1.0013,1.0014,0.0001,1.00135,1.0013161,1.0014032,53583.8,185266.7,454622.8,68382.8,194296.1,449644.2,454622.8,449644.2,0.005505675,0,0.033226732,-3.8288284e-9,4.1069645e-9,-7.9357925e-9,0.50275284,0.67787737,1.0110723,0,0,0,-19119,0.9174722,0,0,0,0,0,0.00004993384,0.000103531245,0,1.0469093e-7,-0.00015,0.00009986768,49933.836,-1,0,0,0.0001,-0.0006,1.1759954e-7,22467.111,0,false,1104.7379,0.3068182,-0.0006,-0.0000448,1.0016,1.0022798,-0.00067974,119359224,0,1.8201,-0.0000448,1,1,false,1.0093287,0.5,41,23,23,1,3,9,0,false,0,2438908864
1779837822000,1779837823002,10,45,true,1.0013,1.0014,1.0013,1.0014,1266.5,1258.3,8.2,2,1,1,1.0014,1.0015,0.0001,1.00145,1.0014087,1.0014096,75059.8,190935.9,473721.1,53917.5,181174.5,446904.1,473721.1,446904.1,0.029129118,0.98705095,0.08021769,-3.7710306e-9,4.09323e-9,-7.864261e-9,0.5145646,0.8252589,1.0600061,1258.3,8.2,1250.1,-17868.9,0.9529649,633.25,1258.3,1250.1,2.0987132,5.050505,0.000049931343,0.00010413153,0.000059975155,1.071842e-7,0,-2.4932634e-9,3.942467e-8,-1,0.99999,0.0001,0.0001,-0.0005,1.1242695e-7,24963.678,0,false,1109.5834,0.33333334,-0.0006,-0.0000448,1.0016,1.0022798,-0.00067974,119359224,0,1.8201,-0.0000448,1,0,false,1.0705746,0.5,42,23,23,1,3,7,2,false,0,2084967296
1779837823000,1779837823992,10,46,true,1.0014,1.0016,1.0014,1.0016,10074.6,10068.3,6.3,3,2,1,1.0015,1.0016,0.0001,1.00155,1.0015,1.0014745,170239,280683.4,550127.3,59538.7,181409,442428.3,550127.3,442428.3,0.10850677,0.9987493,0.09669838,-3.7271963e-9,4.144208e-9,-7.871405e-9,0.5542534,0.9991284,1.243427,10068.3,6.3,10062,-7806.9,1.0200808,3358.2,6763.3,10062,2.9409435,5.5710306,0.00019970044,0.000112750975,0.000119932345,1.14663365e-7,0.0003,0.00014976911,1.9822172e-8,-1,0.999995,0.0001,0.0001,-0.0001,2.9330398e-8,22467.61,0,false,1398.371,0.54347825,-0.0002,-0.0000448,1.0016,1.0022798,-0.00067974,119359270,0,1.8201,-0.0000448,1,1,false,0.61817306,0.5,43,23,23,1,3,10,3,false,0,3032951907
1779837824000,1779837825078,10,47,true,1.0016,1.0017,1.0016,1.0017,4252.8,4204,48.8,4,2,2,1.0016,1.0017,0.0001,1.00165,1.0016975,1.0015832,153884.2,265743.8,534419.7,111335.1,247708.2,478552.4,534419.7,478552.4,0.055151865,0.9770504,-0.04784804,-3.6470993e-9,4.0289314e-9,-7.6760305e-9,0.5275759,-0.95068884,1.1167423,4204,48.8,4155.2,-3651.7,1.1177831,1063.2,4198.9,4155.2,3.578512,8.042895,0.00009983527,0.00011439637,0.00005995719,1.3210826e-7,0.0004,-0.00009986518,2.3475186e-8,1,0.99999,0.0001,0.0001,0.0001,2.8347594e-8,22467.61,0,false,1484.5219,0.63829786,0,-0.0000448,1.0016,1.0022798,-0.00067974,119359270,0,1.8201,-0.0000448,1,1,false,1.1586992,0.5,44,23,23,1,3,10,4,false,0,3449896473
1779837825000,1779837826049,10,48,true,1.00165,1.00165,1.00165,1.00165,0,0,0,0,0,0,1.0016,1.0017,0.0001,1.00165,1.0016961,1.0015806,154360.7,265850.1,534526,109139.4,247206.6,480339.3,534526,480339.3,0.053393,0,-0.048395295,-3.6483998e-9,4.0010573e-9,-7.649457e-9,0.5266965,-0.921445,1.1128092,0,0,0,-3651.7,1.0811344,0,0,0,0,0,-0.00004991639,0.00011439621,0,1.32107e-7,0.00035,-0.00014975166,49916.39,1,0,0,0.0001,-0,2.8347594e-8,19971.416,0,false,1484.5219,0.6354167,-0,-0.0000448,1.0016,1.0022798,-0.00067974,119359270,0,1.8201,-0.0000448,1,1,false,1.2893848,0.5,45,23,23,1,3,8,0,false,0,4221379485
1779837826000,1779837826997,10,49,true,1.00165,1.00165,1.00165,1.00165,0,0,0,0,0,0,1.0016,1.0017,0.0001,1.00165,1.0016749,1.0015683,156270.4,266775.2,535456.7,97943.8,235540,479312,535456.7,479312,0.055327583,0,-0.020282691,-3.656967e-9,3.973929e-9,-7.630896e-9,0.52766377,-0.49781147,1.117136,0,0,0,-3651.7,1.0456874,0,0,0,0,0,0,0.00011219642,0,1.021968e-7,0.0003,0.00004991639,0,1,0,0,0.0001,nan,2.8347594e-8,19971.416,0,false,1484.5219,0.63265306,nan,-0.0000448,1.0016,1.0022798,-0.00067974,119359270,0,1.8201,-0.0000448,1,2,false,1.2893848,0.5,46,23,23,1,3,8,0,false,0,3286547597
1779837827000,1779837828053,10,50,true,1.00165,1.00165,1.00165,1.00165,0,0,0,0,0,0,1.0016,1.0017,0.0001,1.00165,1.0016749,1.0015683,156281.8,266683.8,535365.3,97966.2,234813.7,480089.1,535365.3,480089.1,0.05443494,0,-0.022050312,-3.659776e-9,3.966345e-9,-7.626121e-9,0.52721745,-0.49815995,1.1151373,0,0,0,-3651.7,1.0114026,0,0,0,0,0,0,0.00009000589,0,1.021968e-7,0.00025,0,0,1,0,0,0.0001,nan,2.8347594e-8,19971.416,0,false,1484.5219,0.63,nan,-0.0000448,1.0016,1.0022798,-0.00067974,119359270,0,1.8201,-0.0000448,1,2,false,1.2893848,0.5,47,23,23,1,3,7,0,false,0,1690314865
1779837828000,1779837828995,10,51,true,1.00165,1.00165,1.00165,1.00165,0,0,0,0,0,0,1.0016,1.0017,0.0001,1.00165,1.001675,1.001569,155654.3,266056.3,534743.8,97993.6,234498.9,479774.3,534743.8,479774.3,0.05418287,0,-0.021877326,-3.6638057e-9,3.9700256e-9,-7.633831e-9,0.52709144,-0.49983272,1.1145737,0,0,0,-3651.7,0.97824186,0,0,0,0,0,0,0.00009000589,0,1.021968e-7,0.00025,0,0,1,0,0,0.0001,nan,2.8347594e-8,19971.416,0,false,1484.5219,0.627451,nan,-0.0000448,1.0016,1.0022798,-0.00067974,119358910,0,1.8201,-0.0000448,1,2,false,1.2893848,0.5,48,23,23,1,3,7,0,false,0,2891957439
1779837829000,1779837830093,10,52,true,1.00165,1.00165,1.00165,1.00165,0,0,0,0,0,0,1.0016,1.0017,0.0001,1.00165,1.001675,1.001569,155648.2,266056.2,529688.7,98020.1,229631.9,469920,529688.7,469920,0.059792098,0,-0.016516784,-3.690795e-9,4.05106e-9,-7.741855e-9,0.529896,-0.5004598,1.127189,0,0,0,-3651.7,0.94616836,0,0,0,0,0,0,0.00008931064,0,8.973173e-8,0.0003,0,0,1,0,0,0.0001,nan,2.8347594e-8,19971.416,0,false,1484.5219,0.625,nan,-0.0000448,1.0016,1.0022798,-0.00067974,119358910,0,1.8201,-0.0000448,1,2,false,1.2893848,0.5,49,23,23,1,3,6,0,false,0,3902605864
1779837830000,1779837831047,10,53,true,1.0017,1.0017,1.0016,1.0016,662.9,6.6,656.3,2,1,1,1.0016,1.0017,0.0001,1.00165,1.0016532,1.0015273,157073.3,266489.2,531620.8,70245.3,203787.8,451014.4,531620.8,451014.4,0.08203085,-0.9800875,0.042605273,-3.6836456e-9,4.054179e-9,-7.7378255e-9,0.54101545,-0.0643502,1.1787225,6.6,656.3,-649.7,-4301.4,0.9807202,331.45,656.3,-649.7,2.0393176,2.9325514,-0.000049918883,0.00007060583,0.00005995719,6.480718e-8,0.0003,-0.000049918883,7.530379e-8,1,-0.99999,0.0001,0.0001,-0.0001,2.7347616e-8,9985.7705,0,false,1459.2242,0.5660377,-0.0002,-0.0000448,1.0016,1.0022798,-0.00067974,119358910,0,1.8201,-0.0000448,1,1,false,1.2806847,0.5,50,23,23,1,3,7,2,false,0,3063586347
1779837831000,1779837832073,10,54,true,1.0016,1.0016,1.0016,1.0016,251.6,0,251.6,1,0,1,1.0015,1.0016,0.0001,1.00155,1.00152,1.0014882,158866.8,272415.4,553074.9,74040.6,190114.7,466547.2,553074.9,466547.2,0.08486252,-1,0.066989034,-3.686478e-9,4.005713e-9,-7.692191e-9,0.54243124,0.5991856,1.185464,0,251.6,-251.6,-4553,0.9813523,251.6,251.6,-251.6,1.0190021,1,0,0.000066983055,0,5.4837116e-8,0.00025,0.000049918883,0,1,0,0.0001,0.0001,-0.0001,2.5956131e-8,9985.7705,0,false,1423.7059,0.537037,-0.0002,-0.0000448,1.0016,1.0022798,-0.00067974,119358910,0,1.8201,-0.0000448,1,2,false,1.2590867,0.5,51,23,23,1,3,9,1,false,0,1317542125
1779837832000,1779837833069,10,55,true,1.00155,1.00155,1.00155,1.00155,0,0,0,0,0,0,1.0015,1.0016,0.0001,1.00155,1.0015318,1.0014888,158937.9,274198,554857.5,74790.5,190864.6,460297.1,554857.5,460297.1,0.09314877,0,0.060674604,-3.6713812e-9,4.078017e-9,-7.7493985e-9,0.54657435,0.36358416,1.2054334,0,0,0,-4553,0.94917685,0,0,0,0,0,-0.000049921375,0.00006413099,0,4.4865057e-8,0.00015,-0.000049921375,49921.375,1,0,0,0.0001,nan,2.5956131e-8,9985.7705,0,false,1423.7059,0.53636366,nan,-0.0000448,1.0016,1.0022798,-0.00067974,119358910,0,1.8201,-0.0000448,1,1,false,1.2590867,0.5,52,23,23,1,3,9,0,false,0,4230816815
1779837833000,1779837834055,10,56,true,1.00155,1.00155,1.00155,1.00155,0,0,0,0,0,0,1.0015,1.0016,0.0001,1.00155,1.0015755,1.0015012,157365.8,271794.4,553717.7,86942.4,202599.6,467456,553717.7,467456,0.08447309,0,0.002318674,-3.664446e-9,4.0721955e-9,-7.7366415e-9,0.54223657,-0.5103347,1.1845344,0,0,0,-4553,0.9180563,0,0,0,0,0,0,0.000060117643,0,4.4865057e-8,-0.00005,0.000049921375,0,1,0,0,0.0001,nan,2.5956131e-8,9985.7705,0,false,1423.7059,0.53571427,nan,-0.0000448,1.0016,1.0022798,-0.00067974,119368850,0,1.8201,-0.0000448,1,2,false,1.2590867,0.5,53,23,23,1,3,8,0,false,0,3026187020
1779837834000,1779837835105,10,57,true,1.0015,1.0015,1.0015,1.0015,19.8,0,19.8,1,0,1,1.0015,1.0016,0.0001,1.00155,1.0015758,1.0015107,155175.2,267392.7,549303.7,92828.9,208486.1,473342.5,549303.7,473342.5,0.07427906,-1,-0.015420834,-3.702912e-9,4.049796e-9,-7.752708e-9,0.53713953,-0.5173919,1.1604784,0,19.8,-19.8,-4572.8,0.920743,19.8,19.8,-19.8,1.0860795,1,-0.000049923867,0.00006114532,0,4.4865057e-8,-0.0002,-0.000049923867,0.0000025214074,1,0,0.0001,0.0001,nan,2.5174737e-8,12481.964,0,false,1383.5942,0.4385965,nan,-0.0000448,1.0016,1.0022798,-0.00067974,119368850,0,1.8201,-0.0000448,1,1,false,1.249215,0.5,54,23,23,1,3,8,1,false,0,2063002927
1779837835000,1779837836035,10,58,true,1.00155,1.00155,1.00155,1.00155,0,0,0,0,0,0,1.0015,1.0016,0.0001,1.00155,1.0015571,1.0014989,158460.7,270800.7,552711.7,82855.3,192759.5,467389.4,552711.7,467389.4,0.08364102,0,0.024569828,-3.688586e-9,4.0477426e-9,-7.736329e-9,0.5418205,-0.1421436,1.1825508,0,0,0,-4572.8,0.89055467,0,0,0,0,0,0.000049923867,0.00006215602,0,4.735745e-8,-0.0001,0.00009984773,49923.867,-1,0,0,0.0001,nan,2.5174737e-8,12481.964,0,false,1383.5942,0.43965518,nan,-0.0000448,1.0016,1.0022798,-0.00067974,119368850,0,1.8201,-0.0000448,1,1,false,1.249215,0.5,55,23,23,1,3,8,0,false,0,2128200280
1779837836000,1779837837074,10,59,true,1.0015,1.0015,1.0015,1.0015,10.7,0,10.7,1,0,1,1.0015,1.0016,0.0001,1.00155,1.0015562,1.0014989,158546.3,271010.6,552951.6,82858.6,192762.8,467392.7,552951.6,467392.7,0.08385297,-1,0.025657482,-3.6871926e-9,4.0477426e-9,-7.734935e-9,0.5419265,-0.12334577,1.1830558,0,10.7,-10.7,-4583.5,0.89414304,10.7,10.7,-10.7,1.1183892,1,-0.000049923867,0.00006215562,0,4.7356576e-8,-0.00015,-0.00009984773,0.000004665782,-1,0,0.0001,0.0001,nan,2.4125006e-8,14978.157,0,false,1345.4584,0.40677965,nan,-0.0000448,1.0016,1.0022798,-0.00067974,119368850,0,1.8201,-0.0000448,1,0,false,1.2394611,0.5,56,23,23,1,3,6,1,false,0,3655573015
